:020000040800F2
:1000000028B7002029030008633A00085B34000881
:10001000613A000851060008836A000800000000E9
:10002000000000000000000000000000690200085D
:100030000509000800000000C5020008414300084F
:100040004303000843030008430300084303000878
:100050004303000843030008430300084303000868
:100060004303000843030008430300084303000858
:100070007D0700084303000843030008430300080A
:100080004303000843030008430300084303000838
:100090005506000843030008430300084303000813
:1000A0004303000843030008430300084303000818
:1000B0004303000843030008430300084303000808
:1000C00043030008430300084303000843030008F8
:1000D00043030008A94A000843030008B54A000882
:1000E00043030008430300084303000843030008D8
:1000F00043030008430300084303000843030008C8
:1001000043030008430300084303000843030008B7
:1001100043030008430300084303000843030008A7
:1001200043030008890700089507000843030008F7
:100130004303000843030008430300084303000887
:100140006106000843030008430300089D3C0008C3
:100150004303000843030008A10700085D4B0008A3
:100160004303000843030008430300084303000857
:100170004303000843030008430300080000000095
:10018000430300084303000800F002F800F05CF8A5
:100190000AA090E8000C82448344AAF10107DA45E2
:1001A00001D100F051F8AFF2090EBAE80F0013F0D8
:1001B000010F18BFFB1A43F0010318472C8D0000F4
:1001C0004C8D00000A444FF0000C10F8013B13F076
:1001D000070408BF10F8014B1D1108BF10F8015BA0
:1001E000641E05D010F8016B641E01F8016BF9D193
:1001F00013F0080F1EBF10F8014BAD1C0C1B09D1EA
:100200006D1E58BF01F801CBFAD505E014F8016B5B
:1002100001F8016B6D1EF9D59142D6D370470000ED
:100220000023002400250026103A28BF78C1FBD8FF
:10023000520728BF30C148BF0B6070471FB508F098
:10024000B1FD1FBD10B510BD00F0CDF91146FFF78F
:10025000F5FF07F0B5FB00F0EBF903B4FFF7F2FF91
:1002600003BC00F0EFF900002C4B19680868B0E8F7
:10027000F04F80F30988BFF36F8F4FF0000080F3D9
:10028000118870470000000008480068006880F38B
:1002900008884FF0000080F3148862B661B6BFF39F
:1002A0004F8FBFF36F8F00DF00BF00BF08ED00E08E
:1002B000DFF80C00016841F470010160704700BF75
:1002C00088ED00E0EFF30980BFF36F8F134B1A68DE
:1002D0001EF0100F08BF20ED108A20E9F04F1060CB
:1002E00009B44FF0500080F31188BFF34F8FBFF374
:1002F0006F8F08F0CDFA4FF0000080F3118809BC31
:1003000019680868B0E8F04F1EF0100F08BFB0EC95
:10031000108A80F30988BFF36F8F7047280400208C
:10032000EFF30580704700000948804709480047FF
:10033000FEE7FEE7FEE7FEE7FEE7FEE7FEE7FEE795
:10034000FEE7FEE704480549054A064B70470000F2
:10035000ED430008890100082877002028B7002015
:10036000289700202897002053EA020C00F06980AB
:100370002DE9F04B4FF00006002B1FBFB3FA83F5B9
:1003800003FA05F424FA05F65E4012BF1643B2FAEA
:1003900082F502FA05F4C5F120051EBF22FA05FC1C
:1003A00044EA0C04203556EA044C4FEA144418BFC2
:1003B000641C4FF000084FF00009904271EB030CF1
:1003C00039D3002919BFB1FA81F701FA07F6B0FA5B
:1003D00080F700FA07F6C7F120071EBF20FA07FCD6
:1003E00046EA0C062037B6FBF4FCA7EB0507103FE6
:1003F00007F01F0BCBF120060CFA0BFB2CFA06F6CC
:1004000044BFB3460026202FA4BF5E464FF0000B2A
:100410005BEA060C08BF4FF0010B19EB0B09ABFBB5
:10042000027C48EB0608C01B06FB02CC0BFB03CC8E
:1004300071EB0C01C1E70B46024641464846BDE858
:10044000F08B13B54FF000004FF00001AFF30080C8
:10045000BDE81C407047032A40F2308010F0030CC6
:1004600000F0158011F8013BBCF1020F624498BF07
:1004700011F801CB00F8013B38BF11F8013BA2F1A4
:10048000040298BF00F801CB38BF00F8013B11F01F
:10049000030300F02580083AC0F0088051F8043BBF
:1004A000083A51F804CBA0E80810F5E7121D5CBF2C
:1004B00051F8043B40F8043BAFF30080D20724BF5F
:1004C00011F8013B11F801CB48BF11F8012B24BFF3
:1004D00000F8013B00F801CB48BF00F8012B704742
:1004E00010B5203AC0F00B80B1E81850203AA0E8CF
:1004F0001850B1E81850A0E81850BFF4F5AF5FEA03
:10050000027C24BFB1E81850A0E8185044BF18C9B5
:1005100018C0BDE810405FEA827C24BF51F8043B5C
:1005200040F8043B08BF7047D20728BF31F8023BB0
:1005300048BF11F8012B28BF20F8023B48BF00F844
:10054000012B70474FF000020429C0F0128010F018
:10055000030C00F01B80CCF1040CBCF1020F18BF9F
:1005600000F8012BA8BF20F8022BA1EB0C0100F032
:100570000DB85FEAC17C24BF00F8012B00F8012B05
:1005800048BF00F8012B70474FF0000200B513463A
:1005900094469646203922BFA0E80C50A0E80C50A3
:1005A000B1F12001BFF4F7AF090728BFA0E80C5054
:1005B00048BF0CC05DF804EB890028BF40F8042B4D
:1005C00008BF704748BF20F8022B11F0804F18BFBA
:1005D00000F8012B7047704770477047004870471C
:1005E000C876002070477546FFF7F8FFAE46050055
:1005F0006946534620F00700854618B020B5FFF73E
:10060000A1FEBDE820404FF000064FF000074FF07C
:1006100000084FF0000B21F00701AC46ACE8C00920
:10062000ACE8C009ACE8C009ACE8C0098D46704729
:1006300010B50446AFF300802046BDE81040FFF738
:100640000CBE000001491820ABBEFEE726000200E8
:10065000FEE70000014800F0E6BA0000EC070020C9
:10066000014800F0E0BA00001408002038B50E4C34
:100670004FF4007525600025A560E560082525611B
:100680000A4C050A25706070080AA070E170100A13
:1006900020716271180AA071E3716B46224602490B
:1006A000034800F061F938BDC00B00203200002083
:1006B000EC07002038B50E4C4FF4FF75256000257F
:1006C000A560E560082525610A4C050A2570607063
:1006D000080AA070E170100A20716271180AA071F6
:1006E000E3716B4622460249034800F03DF938BDEC
:1006F000C00B002032000020EC07002004284FF03F
:10070000000070470020704710B5002204490548DA
:1007100004F080FC0449034804F06EFC002010BD86
:10072000C4670020E85A0020C45F002010B50446CA
:10073000204608F013F92146034804F05DFC024806
:1007400004F02AFC002010BDE85A00200020704769
:1007500010B50A460849D1F8BC12D1F81412002984
:1007600001D0012010BD0146034804F053FCBDE850
:100770001040014804F0E6BCE85A0020014800F0AF
:10078000F5BD0000640A0020014800F0EFBD000044
:10079000C40A0020014800F0E9BD0000A4090020BF
:1007A000014800F0E3BD0000040A0020016818239E
:1007B000CAB2103AB2FBF3F2054B6FF30901032AF8
:1007C0009B5CC36500D9091D816508467047000020
:1007D000748E000810B5014600208B698A6A4FF0BC
:1007E000C07453B1B3F5005F15D072B1012A0CD0BB
:1007F000022A0AD0032A09D104E01AB1012A06D03C
:10080000022A03D1C96AC90100D5012010BDC96AF5
:10081000A142FAD010BD002AF7D0012AF2D0022A54
:10082000F3D0032AF3D010BD30B50468256825F451
:1008300080252560046863608368402B036803D0CB
:1008400099600068C26030BD9A600068C16030BDC8
:10085000074808B540680090014606480269914281
:1008600002D2C168491CC1600099016108BD000045
:10087000001000E0D803002000B50E492DED028BDA
:1008800081B0496800910168009A511A00EE101A6F
:100890000949F8EE400A91ED000A0260B8EE400AFC
:1008A00080EE808AFFF7D4FF01B0B0EE480ABDECBD
:1008B000028B00BD001000E0D80300200D490A683B
:1008C00042F080720A600C4900224A600B6843F0D3
:1008D00001030B6009494FF47A734843B0FBF3F30B
:1008E0000749C1E90003054BB0FBF3F0C1E902027F
:1008F00070470000FCED00E0001000E040420F00F7
:10090000D8030020704772B6FEE7000070B50B48B0
:100910000168001D0568001D0068084400280CD00F
:10092000074C0822A11C02F099FD04F1120128468F
:10093000BDE87040042202F091BD70BD107AFF1F27
:10094000D804002090F82020012A07D0022A05D0E0
:10095000416A41F480214162012070470068426988
:100960000A43426100207047F0B590F820500468B7
:10097000A468012D05D0022D03D0416A41F48021E5
:100980004DE014F0406F01D1E50045D5C4F301649A
:100990000125A5401D608B684FF4C0759BB1CE68E2
:1009A00033434E6843EAC603066805EB0417F35168
:1009B0004FF4C273076803EB04130E69FE50097D00
:1009C000012905D009E00E88CB6843EA4653EBE7DE
:1009D0000168CE5846F48076CE501179D2F80530B1
:1009E0004FF4C67641EA0321036806EB04169951D9
:1009F0001178D2F801204FF4C47341EA0221026851
:100A000003EB0413D150006805EB0411425842F087
:100A1000010242500020F0BD416A41F400114162E0
:100A20000120F0BD10B590F82020012A07D0022A3D
:100A300005D0416A41F480214162012010BD3B484C
:100A4000D0F8002242F00102C0F80022D0F80022C3
:100A500022F47C52C0F80022D0F800224B6A42EA0D
:100A60000322C0F800220A7D02F01F0301229A40EF
:100A7000D0F81C329343C0F81C32CB69B3B9D0F81C
:100A80000C329343C0F80C328C894B6864F31F43DB
:100A90004C6900EBC404C4F840320C890B6864F361
:100AA0001F434C6900EBC404C4F84432CB69012BEA
:100AB00016D1D0F80C321343C0F80C320C884B68B6
:100AC00064F31F434C6900EBC404C4F840320C8942
:100AD000CB6864F31F434C6900EBC404C4F8443290
:100AE0008B69002BD0F804320ED01343C0F80432C7
:100AF0000B69002BD0F8143208D01343C0F814321D
:100B0000096A012904D008E09343EFE79343F5E72E
:100B1000D0F81C121143C0F81C12D0F8001221F0BA
:100B20000101C0F80012002010BD00000064004068
:100B3000704770B590F82040012C05D0022C03D0EE
:100B4000416A41F4802128E0046809B32469A407BC
:100B500020D04FF4D874056804EB01142D5915F01A
:100B60000405956005682D591AD0ED085560056893
:100B70002C5904F00204D4604FF4DA74056804EBD5
:100B800001142E5906F00F06082E0CD308250DE08F
:100B9000E468DCE7416A41F400114162012070BD64
:100BA0006D0D1560E3E72D5905F00F05156105681A
:100BB0002D59C5F30725956105682C59240C5461FE
:100BC0004FF4DC72046802EB0112A4581C70046834
:100BD000A458240A5C700468A458240C9C7004680F
:100BE000A258120EDA704FF4DE72046802EB0112A2
:100BF000A4581C710468A458240A5C710468A458A1
:100C0000240C9C710468A258120EDA71006829B194
:100C1000016941F020010161002070BDC16841F00F
:100C20002001C160F8E72DE9F05F05460068002467
:100C30004669D0F804908768D0F80CB0D0F810A0BE
:100C4000D0F81880F10748D0F90714D0012181604D
:100C5000B80703D5284600F028FB0CE0780702D53A
:100C60004FF4006407E0380702D54FF4805402E0E7
:100C7000284600F019FBF80516D529684FF4807056
:100C80008860B80503D5284600F011FB0CE0780514
:100C900002D544F4005407E0380502D544F48044FA
:100CA00002E0284600F002FBF80316D529684FF44D
:100CB00080308860B80303D5284600F0FAFA0CE0CB
:100CC000780302D544F4004407E0380302D544F425
:100CD000803402E0284600F0EBFA300707D55FEADF
:100CE000CB6004D52968102044F40074C8607007F4
:100CF0004FF0080707D55FEA0B7004D52868C76076
:100D0000284600F097F9B00706D52868C068800724
:100D100002D0284600F090F9700607D55FEACA6055
:100D200004D52968102044F480640861B00607D512
:100D30005FEA0A7004D528680761284600F086FA41
:100D4000F00606D528680069800702D0284600F022
:100D50007EFAB00308D55FEAC96005D5296810207E
:100D60004860284600F074FAF00307D55FEA09707E
:100D700004D528684760284600F09CFA300446D520
:100D80005FEA497040D5F00504D55FEAC87001D02C
:100D900044F00104B00504D55FEA887001D544F041
:100DA0000204700504D55FEA487001D544F00404DC
:100DB000300529D518F0700F26D008F070004028B3
:100DC00015D006DC102809D020280AD0302816D1EA
:100DD0000AE050280ED0602811D10EE044F008043B
:100DE0000DE044F010040AE044F0200407E044F071
:100DF000400404E044F0800401E044F48074286876
:100E0000816921F070018161296804204860002C0B
:100E100005D0686A204368622846FFF789FEBDE86E
:100E2000F09F70B5040003D094F8200010B104E0E6
:100E3000012070BD204600F081F82068016841F073
:100E40000101016000F008FD0546052604E000F000
:100E500003FD401B0A2811D820684068C007F6D05F
:100E60002068016821F00201016000F0F5FC0546F0
:100E70000BE000F0F1FC401B0A2806D9606A40F440
:100E80000030606284F82060D2E720684068800704
:100E9000EFD4207E0128206801683DD021F0800138
:100EA0000160607E01282068016838D021F040018F
:100EB0000160A07E01282068016833D021F0200164
:100EC0000160E07E0128206801682ED041F0100109
:100ED0000160207F01282068016829D021F00801E5
:100EE0000160607F01282068016824D021F004019E
:100EF0000160D4E902010843D4E904121143084314
:100F00006168491E08432168C861002060620120B1
:100F100084F82000002070BD41F08001C0E741F05E
:100F20004001C5E741F02001CAE721F01001CFE7F9
:100F300041F00801D4E741F00401D9E7F0B587B0EA
:100F4000044614216846FFF71FFB3549354ADFF890
:100F5000CCE00868D4F800C0324B032402250926EF
:100F600010320027401CF44521D10860012807D128
:100F7000106840F000701060106800F0007005907C
:100F8000186840F00800186018688DE8B00000F09C
:100F90000800CDE9046069460394234800F06AFB29
:100FA00000220521142000F0C9FC142031E0DFF8F4
:100FB0007CE0F4452FD1D2F800C04CF0806CC2F830
:100FC00000C0D2F800C001280CF0806CCDF814C02D
:100FD000086007D1106840F000701060106800F0E1
:100FE00000700590186840F00200186018686946A3
:100FF00000F00200059060208DE8A100CDE90346D5
:101000000B4800F037FB00220521402000F096FC41
:10101000402000F085FC07B0F0BD000000640040F7
:101020001C00002030380240000C024000680040E4
:10103000000402407047000030B589B0044607AB99
:101040006A460021FFF775FD764884427DD10098FD
:10105000A0F50070013805D0012803D0022801D086
:10106000072872D100987049C0B200EB8002087066
:101070006E4901EB420031F812300381BDF81C309B
:101080005BBA21F81230BDF81E2052BA4280BDF87A
:10109000202052BA82809DF8222082719FED641A2E
:1010A0004FF4805465429FED630ADFED630A009AB6
:1010B0006248A2F50073023B26D18A8AB1F91C303E
:1010C000D31AA34202DD036E5B1E03E0AB42036E44
:1010D00001DA5B1C03665B005B4201EE903AB0F8FC
:1010E0005C30F8EEE11AD21A61EE801A81EE812AA4
:1010F00001EE902AF8EEE11A61EEA01AC1EE812A03
:1011000072EE621AC0ED131A009AA2F50073033B47
:1011100026D1CA8BB1F92630D31AA34202DD036A65
:101120005B1E03E0AB42036A01DA5B1C03625B00F7
:1011300001EE903A838BF8EEE11AD21A61EE801A32
:1011400081EE812A01EE902A00E069E0F8EEE11AD2
:1011500061EEA01AC1EE812A32EE221A80ED031A46
:10116000009AA2F50073013B30D14A89B1F91230DF
:10117000D31AA34202DD036C5B1E03E0AB42036C97
:1011800001DA5B1C03645B0001EE103A838FB8EE5A
:10119000C11AD21A61EE001A9FED291A81EE812A36
:1011A000DFED281AC2EE212A02EE102AB8EEC22A7A
:1011B00022EE203A83EE012A82EE211ADFED221A76
:1011C00032EE811A21EE211A80ED0B1A009AB2F547
:1011D000027F25D131F8502F40F6FE73B1F9081087
:1011E000511A994203DDD0F88010491E06E040F6FE
:1011F000FE73D942D0F8801002DA491CC0F8801082
:101200004900494201EE101AB8EEC11A21EE001A47
:1012100000EE102AB8EE400A00EE601A80ED1B1AAC
:1012200009B030BDEC070020310000203C0B00204D
:1012300000001042DB0F4940DB0F493AD80B002079
:101240000070604500003B4300401C4670477047FB
:10125000704770B5044690F82000012804D0606AF9
:1012600040F40020606217E0022084F8200020682B
:10127000016821F00101016000F0EEFA05460DE081
:1012800000F0EAFA401B0A2808D9606A40F40030EE
:101290006062052084F82000012070BD206840684D
:1012A000C007EDD1606270BD7047704770477047EE
:1012B0007047704770472DE9F0410446876D00F094
:1012C000CBFA054694F835000026022806D0802087
:1012D000606584F834600120BDE8F0812068016811
:1012E00021F0160101602068416921F0800141610F
:1012F000206C08B9A06C20B12068016821F00801B9
:1013000001602068016821F0010101600CE000F03B
:10131000A3FA401B052807D920206065032084F824
:10132000350084F83460D7E720680068C007EED144
:1013300094F85C103F208840B860012084F83500A4
:1013400084F834600020C7E790F83510022903D0F4
:101350008021416501207047052180F83510006823
:10136000016821F001010160002070472DE9F84378
:1013700004464FF00009CDF8009063484FF4165131
:10138000A56D0068B0FBF1F72E6894F85C20082189
:1013900001FA02F030420FD02068026852070BD5E4
:1013A000026822F00402026094F85C008140A960A7
:1013B000606D40F00100606594F85C104FF001082A
:1013C00008FA01F0304208D021684969090604D5BD
:1013D000A860606D40F00200606594F85C10042025
:1013E0008840304208D021680968890704D5A86080
:1013F000606D40F00400606594F85C101020884037
:10140000304218D021680968090714D5A8602068FF
:101410000168490304D50068000308D5A16C07E002
:101420000168C90503D4016821F008010160216C3D
:1014300009B12046884794F85C102020884030424B
:1014400031D021680968C9062DD5A86094F8350007
:1014500005282068016806D0490347D500680003C5
:101460001DD4616C1CE021F0160101602068416907
:1014700021F080014161206C08B9A06C20B1206886
:10148000016821F00801016094F85C103F20884059
:10149000A86084F8358084F83490216D1FE0E16BFA
:1014A00009B120468847606D00282BD0606DC007C9
:1014B00014D0052084F835002068016821F001016E
:1014C00001600098401C0090B84203D82068006872
:1014D000C007F6D184F8358084F83490E16C002997
:1014E00010D001B02046BDE8F04308470168C905A7
:1014F000D5D4016821F01001016084F8358084F8AA
:101500003490CCE7BDE8F883240400202DE9F041B5
:10151000044600F0A1F905465CB1022084F83500CC
:10152000002684F834602068016821F00101016020
:101530000DE00120BDE8F08100F08EF9401B052888
:1015400005D920206065032084F83500F2E7206883
:101550000068C007F0D121680A6820480240D4E939
:1015600001031843D4E903352B4318436369184337
:10157000A3691843E3691843236A18431043626A56
:10158000042A03D1D4E90B231A43104308602068CE
:101590004069656A20F0070128460D4301270428A9
:1015A0000CD1A06A0543E06A40B12046FFF712F96A
:1015B00020B14020606584F83570BAE72068456145
:1015C0002046FFF7F3F894F85C203F2191408160BA
:1015D000666584F835700020ACE700003F8010F0AD
:1015E0002DE9F0410446866D90F83400002501286D
:1015F0000DD0012084F8340094F835700020012FBC
:1016000007D084F8340002252846BDE8F081022086
:10161000FBE7022784F8357060652046FFF704F980
:1016200094F85C103F208840B0602068016841F069
:1016300016010160206C20B12068016841F00801AA
:1016400001602068016841F001010160DCE70000F1
:1016500070B5044600F000F90546601C02D004484D
:101660000078044400F0F8F8401BA042FAD370BDA3
:10167000180400202DE9F84FDFF89C910022A9F111
:10168000040B03274FF00F0C09F1040AABF1040E11
:1016900001250B6895402B40AB426ED10C7904F0CC
:1016A0000304012C01D0022C15D18668540007FADE
:1016B00004F826EA0806D1F80C8008FA04F848EA8B
:1016C0000608C0F808804468AC430D79C5F30015DE
:1016D0009540254345600C79E443A40708D0C568CC
:1016E000540007FA04F6B5438E68A6402E43C66040
:1016F0000C7904F00304022C11D1D40800EB840609
:10170000356A5407E40E0CFA04F825EA0805D1F806
:10171000108008FA04F848EA0508C6F82080056831
:10172000540007FA04F6B5430E7906F00306A64006
:101730002E4306604C6814F4403F66D0374C256851
:1017400045F480452560246822F0030504F48044B4
:101750000094334C05EB0408D8F808589407260F7A
:101760000CFA06F4A5432F4CA04201D1002424E03A
:101770002D4CA04202D101241FE046E02B4CA04298
:1017800001D1022419E02A4CA04201D1032414E023
:10179000284CA04201D104240FE0274CA04201D1E3
:1017A00005240AE0254CA04201D1062405E0244C82
:1017B000A04201D1072400E00824B4402C43C8F81B
:1017C0000848D9F800404D464E689C43F60200D5C3
:1017D0001C432C60DAF8004055464E689C43B60224
:1017E00000D51C432C60DBF800405D464E689C43EE
:1017F000B60300D51C432C60DEF8004075464E68E9
:101800009C43F60300D51C432C60521C102AFFF4A5
:101810003FAFBDE8F88F0000083C0140443802406B
:101820000030014000000240000402400008024075
:10183000000C024000100240001402400018024058
:10184000001C02400069084000D0012070470AB126
:10185000816170470904FBE7014880687047000018
:1018600018040020024881680278114481607047A2
:10187000180400200B4810B5016841F400710160A4
:10188000016841F480610160016841F48071016088
:10189000032000F073F80F2000F006F800F024F8A1
:1018A000002010BD003C024070B50D4D04464FF4C1
:1018B0007A712878B1FBF0F00A490968B1FBF0F0C1
:1018C00001F020F848B9102C07D200222146501E02
:1018D00000F034F800206C6070BD012070BD000085
:1018E00018040020240400200C4882B0016841F450
:1018F00080410160006800F4804000900748001FAC
:10190000016841F0805101600068002200F08050C1
:1019100000900F21901E02B000F010B84438024031
:10192000002809DB00F01F020121914040098000DE
:1019300000F1E020C0F8001170470000F0B40E4B39
:101940001B68C3F30223C3F10704042C00D9042449
:101950001D1D072D01D2002300E0DB1E012606FA23
:1019600004F56D1E0D409D409E40761E164045EAD2
:101970000601F0BC05F086B80CED00E0064A00F068
:10198000070110684FF6FF03184040EA01200349A1
:1019900008431060704700000CED00E00000FA05FD
:1019A00070470068416200207047F0B50368586ACC
:1019B00039B19C6A4FF4827500EB144400204E1E2E
:1019C0000AE040EA024098620FE005EB8007DF5929
:1019D000401C04EB1744C0B2B042F6D344EA0240C4
:1019E0004FF4807202EB810158500020F0BDD0F816
:1019F000E00403F035BF01EBC10200EB8202D0F836
:101A0000E004126A03F056BE01EBC10200EB820251
:101A1000D0F8E004D2F8602203F0BABED0F8E004B7
:101A200003F020BF0A0601F00F0101EBC10100EB3A
:101A3000810101D5143101E001F51571006804F050
:101A40006FBE70B504460B0601F00F0000EBC0013D
:101A500004EB81014FF001024FF0000502D54A75F9
:101A6000143103E081F8555201F51571087094F8AE
:101A70009404012808D084F89424206804F06EFBB4
:101A800084F89454002070BD022070BD70B50446E7
:101A900001F00F002279904201D9012070BD0B06A0
:101AA00001F00F0101EBC10104EB81014FF00102D4
:101AB0004FF0000502D54A75143103E081F8555204
:101AC00001F515718D70087094F89404012808D000
:101AD00084F89424206804F0AFFC84F89454002027
:101AE00070BD022070BD01F00F0101EBC10100EBE0
:101AF0008100D0F8680270472DE9F04104460F06D6
:101B000001F00F0000EBC00104EB81014FF0010672
:101B10004FF0000502D54E75143103E081F855529F
:101B200001F51571C2F30A0208708A600B714A78D8
:101B300002B14883022B00D14D7194F8940401281E
:101B400009D084F89464206804F05AFA284684F88E
:101B50009454BDE8F0810220FBE710B501F00F04BA
:101B600004EBC40100EB8101C1E998230023C1F813
:101B7000683281F8553281F85442837901F5157144
:101B8000012B00D1CA618279006804F0ADFC00200D
:101B900010BD70B504460D4601F00F002179884252
:101BA00001D9012070BD29064FF000064FF0010257
:101BB00006D500EBC00104EB81014A75143107E042
:101BC00005EBC50104EB810181F8556201F5157142
:101BD0008A70087094F89404012807D084F894243B
:101BE000206804F055FC280702D007E0022070BDF1
:101BF000A17904F29C42206804F0F2FB84F894641A
:101C0000002070BD10B501F00F0404EBC40100EB1F
:101C10008101C1E9082300238B6201234B7501F880
:101C2000144F8379012B00D1CA618279006804F0D6
:101C30005BFC002010BD00002DE9F84F056804464C
:101C4000284604F008FE00287DD1206804F02FFE0D
:101C5000002878D0D5F80808C0F30D20C4F8D404C3
:101C6000206804F024FE800704D52068416901F053
:101C700002014161206804F01AFEC10604F29C4092
:101C8000009034D52068816921F0100181612F6AAC
:101C900007F00F0000EBC00004EB8006C7F34340E1
:101CA00006F51576022802D0062811D01AE047F66C
:101CB000F070074216D0C7F30A1217462846F1689B
:101CC00004F0F9FDF0683844F0607069384408E0C9
:101CD00008222846009904F0EEFD7069C7F30A1146
:101CE000084470612068816941F0100181612068B9
:101CF00004F0DDFD00034FF0010B7AD500262068CB
:101D000004F0B4FD8046DFF878A46FE05FEAC870A5
:101D100069D0F1B2206804F0C2FD0746C00707D0C1
:101D200005EB4611C1F808BB3146204601F0BCFF67
:101D3000380722D505EB46110820C1F8080B2068AA
:101D4000D0F8409000E018E200EB4610D0F8082BE5
:101D5000D14505D9110403D54FF40041C0F8081B43
:101D6000204600F0F1FAD14507D9A079012804D125
:101D700020680121009A04F033FBF80604D505EB36
:101D800046111020C1F8080BB8071DD56869000678
:101D900005D5D5F8040840F48061C5F8041806EBB1
:101DA000C60004EB800090F8571200F51570012969
:101DB00005D10021C170F1B2204600F0E7F905EB32
:101DC00046110220C1F8080BB80604D505EB4610F1
:101DD0002021C0F8081BB80405D505EB46104FF4C8
:101DE0000051C0F8081B4FEA5808761CB8F1000FE4
:101DF0008CD1206804F05BFD40036DD5206804F0B1
:101E00002EFD8046002664E05FEAC8705ED0F1B225
:101E1000206804F032FD0746C00723D006F00F010A
:101E20000BFA01F0D5F834188143C5F8341805EBE6
:101E30004610C0F808B9A07901280FD106EBC600FA
:101E400004EB8000D0E907211144016236B9606AD1
:101E500020B920680121009A04F0C2FAF1B22046AC
:101E6000FFF7C9FD380704D505EB46110820C1F876
:101E70000809F80604D505EB46111020C1F8080939
:101E8000780604D505EB46104021C0F80819B807BC
:101E900016D53146284604F0B3FC06EBC60004EB29
:101EA0008000C17D1430012905D10021C170F1B23B
:101EB000204600F067F905EB46110220C1F8080939
:101EC000380603D53146204601F054FF4FEA580842
:101ED000761CB8F1000F97D1206804F0E8FC0028C8
:101EE00011DAD5F8040820F00101C5F8041894F8B7
:101EF000CC0401282BD0204600F00BFA2068416961
:101F000001F000414161206804F0D1FC00050BD5CF
:101F1000D5F80808C00702D0204600F03DFA206836
:101F2000416901F400614161206804F0C0FCC00413
:101F300067D5D5F8040820F00101C5F80418102170
:101F4000206804F05DFC00214FF67F3220E0002085
:101F500084F8CC0401462046FFF722FDCEE705EBCE
:101F60004110C0F80829D0F8003923F40013C0F854
:101F70000039C0F8082BD0F8003B23F40013C0F858
:101F8000003BD0F8003B43F00063C0F8003B491C25
:101F900020798842E3D8D5F81C0840F00111C5F833
:101FA0001C18E07B002828460DD0D0F8840840F0AB
:101FB0000B01C5F88418D5F8440840F00B012846F9
:101FC000C5F844180DE0D0F8140842F22B0108437C
:101FD000C5F81408D5F8100840F00B012846C5F8DC
:101FE0001018D0F8000820F4FE61C5F80018A17997
:101FF0002068009A04F0F4F92068416901F48051E6
:102000004161206804F053FC800415D5206804F079
:1020100037F8206804F012FCE07100F06FFA014616
:10202000E279206804F0A6FC204600F05BF9206805
:10203000416901F400514161206804F038FC000757
:1020400007D5204600F069F92068416901F00801D0
:102050004161206804F02BFC000615D5A86920F02A
:102060008001A96101260CE006EBC60004EB8000AC
:1020700090F85702012803D1F1B22046FFF7D2FCB5
:10208000761C2079B042EFD8206804F010FCC00222
:102090001FD501265F4614E005EB4610D0F8001965
:1020A00006EBC60004EB8000027E012A08D100295D
:1020B00006DAC775F0B240F080012046FFF7B2FCA7
:1020C000761C2079B042E7D82068416901F480117C
:1020D0004161206804F0EBFB800231D501205B46B2
:1020E00026E005EB4011D1F8001B00EBC00204EB29
:1020F000820292F85862012E19D1002917DA94F859
:10210000D46401F4803106F00106B1420FD182F8A7
:102110005732A96941F08002AA616969090606D4AB
:10212000D5F8040840F40070C5F8040803E0401C2A
:1021300021798142D5D82068416901F400114161BB
:10214000206804F0B4FB400007D52046FFF74FFCA1
:102150002068416901F080414161206804F0A7FBDB
:1021600040070AD520684568680702D52046FFF772
:1021700055FC2068416829434160BDE8F88F0000A4
:102180000A30544FD0F8E00403F0C0BBD0F8E004AC
:1021900003F0D1BBF8B5040005D094F89504266887
:1021A000002510B106E00120F8BD84F894542046C3
:1021B00000F056F8032084F89504B6F1A04F00D142
:1021C000A571206804F006F9207C8DF8000094E8E1
:1021D0000F0003F063FF0226B0BB0021206804F06B
:1021E00089FB88BB002101270CE001EBC10004EB57
:1021F000800047750175C1850576C5610562491C7A
:10220000C9B2456220798842EFD8002111E001EB84
:10221000C10004EB800080F8555280F8541280F819
:102220005852C0F85C52C0F86052491CC9B2C0F89C
:10223000645220798842EAD8207C8DF8000094E826
:102240000F0004F00FF810B184F89564ABE76574E3
:1022500084F89574206803F0F7FF0020F8BD0000B3
:1022600000B587B000210291039104910591069178
:102270000068B0F1A04F2BD11648016841F0010170
:102280000160006800F0010001904FF4C05002901E
:1022900002200390032005900A20069002A90E4810
:1022A000FFF7E8F90D48016841F0800101600C4832
:1022B000016841F480410160006800F480400190B1
:1022C000002205214320FFF739FB4320FFF728FBBD
:1022D00007B000BD303802400000024034380240F0
:1022E0004438024070B504460125E07900280ED03C
:1022F000022801D0FEF707FB2946D4F8E00403F0DA
:102300008BFBD4F8E004BDE8704003F03EBB002531
:10231000F2E7D0F8E00403F068BBD0F8E00403F083
:102320006EBB10B5044690F8940401280AD0012031
:1023300084F894046174206804F00AFB002084F897
:10234000940410BD022010BDD0F8E02400F29C419E
:10235000104603F06DBB10B50446006894F8941461
:10236000012909D0012184F89414C168490609D5CE
:10237000617B012902D005E0022010BD816B41F490
:1023800080318163206804F019FA206803F04EFF61
:10239000002084F8940410BD10B50446D4F8E0047D
:1023A00003F08AFB2068D0F8001E41F00101C0F85C
:1023B000001EE07A002804D00248016841F00601BE
:1023C000016010BD10ED00E02DE9F0470D4604005E
:1023D00065D0DFF81491D9F80000EFB200F00700E3
:1023E000A84207D289F80070D9F8000000F0070071
:1023F000A84254D120683D4E810712D5400703D52D
:10240000306840F4E05030602078000703D5306831
:1024100040F4604030603068A16820F0F00008436C
:1024200030602078C0072DD0304960680839012815
:1024300012D0022813D0032811D009688907002977
:102440002DDA316821F0030101433160FFF704FA0E
:10245000804641F2883A0EE009688903EFE709688F
:102460008901ECE7FFF7F8F9A0EB0801514502D923
:102470000320BDE8F0873068616800F00C00B0EB25
:10248000810FEFD1D9F80010484601F00701A942A9
:1024900007D90770006800F00700A84201D00120AA
:1024A000E7E72078400705D53068E16820F4E05080
:1024B000084330602078000706D53068216920F491
:1024C000604040EAC100306000F03EF83168084AE0
:1024D000C1F30311515CC840064908600648006812
:1024E000FFF7E2F90020C4E7003C02400838024050
:1024F0007C8E0008240400201C0400200148006891
:102500007047000024040020044805490068096859
:10251000044AC1F38221515CC84070472404002062
:10252000083802408C8E0008044805490068096894
:10253000044AC1F34231515CC84070472404002072
:10254000083802408C8E0008154810B5006810F05D
:102550000C01144813D0144B04290FD008290ED1B4
:102560000F4C241F216801F03F022168490207D562
:102570002068C0F38810A0FB030106E0184610BDD8
:102580002168C1F38811A1FB00010023FDF7ECFED7
:102590002168C1F30141491C4900B0FBF1F010BDB5
:1025A000083802400024F400001BB7002DE9F84F62
:1025B000040075D02078DFF838A3C007AAF104051D
:1025C00048D00AF104000168C1F38101012908D053
:1025D0000068C0F3810002280AD1DAF80000400246
:1025E00006D52868800335D560680028E1D031E041
:1025F0006068B0F5803F10D0B0F5A02F286810D0EB
:1026000020F480302860286820F4802028606068EA
:10261000A0B1FFF721F906460CE0286840F48030AD
:10262000F4E740F480202860F7E7FFF715F9801BF6
:10263000642871D828688003F7D50BE0FFF70CF900
:10264000064604E0FFF708F9801B6428F1D82868E3
:102650008003F7D42078DFF89C9280074FF0000BBE
:102660003DD5A348001D016811F00C0F08D000688B
:10267000C0F3810002280AD1DAF80000400206D433
:102680002868800715D5E068012809D111E0E068C5
:10269000B8B10120C9F80000FFF7DEF8064605E0F2
:1026A00022E1FFF7D9F8801B0228C2D828688007EA
:1026B000F7D52868216920F0F80040EAC1002860B9
:1026C0000DE0C9F800B0FFF7C7F8064604E0FFF7D1
:1026D000C3F8801B02281FD828688007F7D4207809
:1026E000000722D5824F84486169703771B101219A
:1026F0000160FFF7B1F8064604E0FFF7ADF8801B74
:10270000022809D838688007F7D50EE0C0F800B075
:10271000FFF7A2F8064605E082E0FFF79DF8801B70
:1027200002287DD838688007F7D42078400765D51F
:102730006F484FF000083C300068C0000BD46C4874
:102740003C30016841F08051016000684FF00108A1
:1027500000F080500090694F3868C0050FD4386889
:1027600040F480703860FFF777F8064604E0FFF722
:1027700073F8801B022853D83868C005F7D55C4F22
:10278000A0686C3701280FD00528386810D020F0D9
:1027900001003860386820F004003860A068B0B1EB
:1027A000FFF75AF806460EE0386840F00100F4E7FB
:1027B00040F004003860F7E7FFF74EF8811B41F264
:1027C0008830814263D838688007F5D50DE0FFF77F
:1027D00043F8064606E0FFF73FF8811B41F28830D8
:1027E000814254D838688007F5D4B8F1000F05D07D
:1027F0003F483C30016821F080510160A069B8B3C6
:102800003B49091D0968C1F38101022946D002280C
:10281000584606D0C9F86000FFF71EF8044639E0B4
:1028200035E04F46C9F86000FFF716F8064604E0A9
:10283000FFF712F8801B022829D828688001F7D4F6
:10284000D4E907010843A16A2D4A490802EB014176
:10285000626A41EA8211084394F82C1040EA01614F
:10286000CAF8001001203866FEF7F6FF044605E0BE
:102870003CE0FEF7F1FF001B022808D82868800121
:10288000F7D533E0FEF7E8FF001B022802D903204A
:10289000BDE8F88F28688001F4D427E00128F7D03C
:1028A000DAF80000E26900F4800191421CD1226A4A
:1028B00000F03F01914217D147F6C071626A0140B2
:1028C000B1EB821F10D1A26A4FF0FF3300F4403108
:1028D00003EB5202B1EB024F06D194F82C1000F03A
:1028E0007060B0EB016F01D00120D1E70020CFE78D
:1028F0000438024000004742800E4742007000400A
:102900000000FFFF10B5401EB0F1807F01D3012011
:1029100010BD4FF0E02460610F21601704F0B2F8A1
:102920000020A06107202061002010BD10B590F8A4
:102930003C20012A22D0012280F83C20CA688C6801
:1029400022F4407222434C6822F4806222430C68D5
:1029500022F4006222430C6922F4805222434C6923
:1029600022F400522243C969002322F480420A4320
:1029700001684A6480F83C30002010BD022010BD80
:1029800070B590F83C20012A32D0012580F83C50E7
:10299000022280F83D2002685368946823F0700694
:1029A0000B6833435360134B02689A4214D0B2F160
:1029B000804F11D0104B9A420ED0104B9A420BD040
:1029C0000F4B9A4208D00F4B9A4205D00E4B9A42B9
:1029D00002D00E4B9A4204D1496824F08003194377
:1029E000916080F83D50002180F83C10084670BD91
:1029F000022070BD000001400004004000080040BB
:102A0000000C00400004014000400140001800405C
:102A100010B5040003D094F83D0010B107E0012088
:102A200010BD002084F83C00204600F01FF8022072
:102A300084F83D00211D206801F0E0FC012084F8AD
:102A4000460084F83E0084F83F0084F8400084F893
:102A5000410084F8420084F8430084F8440084F87C
:102A6000450084F83D00002010BD000008B5006856
:102A70000B4A0C49904207D1086840F001000860F9
:102A8000086800F0010009E0074A904207D1086891
:102A900040F002000860086800F00200009008BDE5
:102AA00000000140443802400004014090F83D100D
:102AB000012901D001207047022180F83D100068F3
:102AC0001149884214D0B0F1804F11D00F4988428B
:102AD0000ED00F4988420BD00E49884208D00E49CB
:102AE000884205D00D49884202D00D49884204D160
:102AF000816801F00701062903D0016841F0010156
:102B00000160002070470000000001400004004008
:102B100000080040000C004000040140004001405B
:102B20000018004070B5044690F83C0000250128CC
:102B300017D0012684F83C60022084F83D0020680C
:102B4000826822F0770222F47F428260086850286F
:102B500038D00DDC20284FD005DC90B3102811D1DF
:102B60004AE0022070BD302846D040280AD13BE020
:102B700060282FD070280DD0B0F5805F03D0B0F55D
:102B8000005F12D0012584F83D60002084F83C00ED
:102B9000284670BDCB68D1E90121206801F0A7FC6F
:102BA0002068816841F0770109E0CB68D1E9012113
:102BB000206801F09CFC2068816841F480418160BC
:102BC000E1E719E0CA684968206801F065FD502115
:102BD000206806E0CA684968206801F06EFD60213F
:102BE000206801F08EFCCEE7CA684968206801F0D1
:102BF00053FD40212068F4E7226801461046F0E7C3
:102C000070B586B0044614216846FDF7BDFC2E4A17
:102C100021682E4802240125914223D1016841F008
:102C2000100101600068694600F0100005904FF443
:102C3000D4408DE831002648CDE90345FEF71AFD62
:102C40002448FFF733FF0021224800F0DFF8042179
:102C5000204800F0DBF808211E4800F0D7F80C21CE
:102C60001C482CE01C4A91422BD1016841F4807130
:102C70000160016801F480710591016841F004016F
:102C800001600068032600F004000590C0208DE874
:102C90003100CDE9034669461048FEF7EBFC4020C1
:102CA0008DE83100CDE9034669460D48FEF7E2FCA8
:102CB00008484830FFF7FAFE06480021483000F087
:102CC000A5F806B070BD0000000001403038024099
:102CD000001002403C080020000401400020024097
:102CE0000008024070B5044690F83C0000260D46EE
:102CF00001280FD0012084F83C006AB1042A1DD0BD
:102D0000082A2FD00C2A3FD00126002084F83C004E
:102D1000304670BD022070BD206801F0FBFB2068CA
:102D2000816941F0080181612068816921F0040115
:102D30008161206881692A69114311E0206801F0EE
:102D400019FC2068816941F4006181612068816912
:102D500021F480618161206881692A6941EA022148
:102D60008161D2E7206801F03BFC2068C16941F035
:102D70000801C1612068C16921F00401C1612068B6
:102D8000C1692A69114311E0206801F05DFC2068E7
:102D9000C16941F40061C1612068C16921F48061A9
:102DA000C1612068C1692A6941EA0221C161ACE7B9
:102DB00010B5040003D094F83D0010B107E00120E5
:102DC00010BD002084F83C00204600F01EF80220D0
:102DD00084F83D00211D206801F010FB012084F8DB
:102DE000460084F83E0084F83F0084F8400084F8F0
:102DF000410084F8420084F8430084F8440084F8D9
:102E0000450084F83D00002010BD704710B5044611
:102E100049B104290AD008290BD094F841000128AF
:102E20000AD0012010BD94F83E00F8E794F83F0066
:102E3000F5E794F84000F2E70220B1B3042938D056
:102E4000082939D084F841000122206801F042FBB2
:102E50001B4920681B4A884201D0904203D1436C31
:102E600043F4004343642068884213D0B0F1804F9C
:102E700010D0154988420DD0144988420AD014490F
:102E8000884207D0904205D01249884202D01249A8
:102E9000884204D1816801F00701062903D0016846
:102EA00041F001010160002010BDFFE784F83E0001
:102EB000CAE784F83F00C7E784F84000C4E7000091
:102EC00000000140000401400004004000080040F0
:102ED000000C0040004001400018004038B5044696
:102EE00090F84200202801D0022038BD51B14AB1EB
:102EF0000120206300206063204601F08BFD01006B
:102F000002D005E0012038BD206B012802D001214C
:102F1000084638BD206802684068009020680C3080
:102F200050E8002F42F0100240E80023002BF5D1BA
:102F3000EEE700000449884204D114220349024804
:102F4000FFF7CCBF70470000CC080020E11D002037
:102F500070470000F8B5016804460868CA684B6904
:102F600010F00F0F4FF0000559D003F0010602F4E6
:102F70009077374365D0C10705D0D10503D5616C83
:102F800041F001016164410705D5D90703D0616CA7
:102F900041F002016164810705D5D90703D0616C56
:102FA00041F004016164010707D502F020013143BB
:102FB00003D0616C41F008016164616C00293AD072
:102FC000800604D5900602D5204601F03CFC20681E
:102FD0004069616CC0F38010090700D460B32046DB
:102FE00001F0FCFB20684069400621D520681430C0
:102FF00050E8001F21F0400140E80012002AF5D1FE
:10300000E06BA8B16E490165E06BFEF79DF9002801
:1030100011D0E06B016D01B0BDE8F04008478306B8
:103020000FD593060DD52046BDE8F84001F00BBC46
:103030002046FFF78DFFF8BD2046FFF789FF656446
:10304000F8BD266B2023012E7DD1C6067BD5D60682
:1030500079D508684868009048694FF00206400634
:1030600041D5E16B086840680004000CE8D0A28DEF
:103070008242E5D9E085C869B0F5807F2DD020680F
:103080000C3050E8001F21F4807140E80012002A43
:10309000F5D12068143050E8001F21F0010140E80C
:1030A0000012002AF5D12068143050E8001F21F0EA
:1030B000400140E80012002AF5D184F8423025632F
:1030C00020680C3050E8001F21F0100140E8001289
:1030D000002AF5D1E06BFEF7EEF86663A08DE18D76
:1030E000401A81B22AE0A08DE18D401A81B2E08DB4
:1030F0000028A5D00029A3D020680C3050E8002F6C
:1031000022F4907240E80027002FF5D12068143097
:1031100050E8002F22F0010240E80027002FF5D1EF
:1031200084F84230256320680C3050E8002F22F0EC
:10313000100240E80023002BF5D166632046FFF71C
:10314000F9FEF8BDFFE705062BD5150629D594F83D
:1031500041002128F5D1A068B0F5805F01D1206938
:10316000B0B1206A411C2162216800784860E08C7F
:10317000401E0004000CE084E3D12068C16821F007
:103180008001C1602068C16841F04001C160D8E79A
:10319000206A0088C0F308004860206A801C206212
:1031A000E5E74006CDD55006CBD5CA68204622F0CB
:1031B0004002CA6084F8413000F04EF9C1E70000D7
:1031C000DF46000870B5040004D094F841000025E3
:1031D00010B106E0012070BD84F84050204600F098
:1031E00023F8242084F841002068C16821F40051AC
:1031F000C160204601F088FB2068016921F49041FC
:1032000001612068416921F02A0141612068C1689B
:1032100041F40051C1606564202084F8410084F8C5
:1032200042006563002070BD2DE9F04786B004467A
:1032300014216846FDF7A8F97B48DFF8E8811438C7
:10324000D4F800C0784B0226032107220025071579
:103250004FF0006AC44563D1D3F800C04CF0100CA5
:10326000C3F800C01B6803F010030593036843F024
:1032700002030360036803F002030593036843F04D
:10328000010303600068894600F00100059080207A
:10329000CDE90006CDE9025990466946049263489B
:1032A000FEF7E8F93002CDE90006CDE9026969468A
:1032B0005F48CDF81080FEF7DDF95F4E5D48D046DF
:1032C0003060C6E901A5C6E903577561B561F561CE
:1032D000356230467562FEF719F908B1FDF713FB48
:1032E000E663B463544E534860367830E6E802082B
:1032F0004020A1C6504846F814596030B561F561C8
:1033000035627562FEF702F908B1FDF7FCFAA663B3
:10331000002205212520B463FEF710FB25203FE0A5
:10332000DFF81881C44540D13F4B1B1FD3F800C0C4
:103330004CF4802CC3F800C01B6803F48023059371
:10334000036843F0040303600068029500F0040082
:103350000590CDE903124FF44060CDE900066946BF
:103360003748FEF787F9344E3648C0363060C6E934
:1033700001A5C6E9035775614FF40030B561C6E990
:10338000075030467562FEF7C1F808B1FDF7BBFA89
:10339000E663002205212720B463FEF7CFFA272039
:1033A000FEF7BEFA06B0BDE8F087274A9445F9D18A
:1033B0001A6842F020021A601A6802F02002059290
:1033C000026842F0400202600068029600F040008D
:1033D00005904FF48440CDE900060820CDE90310A4
:1033E00069461A48FEF746F91248194E18383060F7
:1033F0008005C6E90105C6E903577561B561F56148
:10340000356230467562FEF781F808B1FDF77BFA48
:10341000E663002205214720B463FEF78FFA4720B8
:10342000BEE70000001001404438024000040240A2
:103430000000024040640240A4090020004800400F
:1034400000080240286002400014014000180240B9
:10345000C40A0020704770477047FEE7F0B40023AD
:10346000002A18D90A24302537269C46B4EB107F51
:1034700004D905EB107701F8137003E006EB107721
:1034800001F81370000101EB430787F801C05B1CD2
:10349000DBB29342EAD3F0BC704700000F4810B58E
:1034A0000D4901600321416000214FF41022816029
:1034B000C0E903124FF40012426101764176817631
:1034C000C17601774177FDF7ACFC002803D0BDE859
:1034D0001040FDF718BA10BD00640040EC07002052
:1034E0000F4810B50D4901600321416000214FF4E0
:1034F00010228160C0E903124FF40012426101768C
:1035000041768176C17601774177FDF78AFC002804
:1035100003D0BDE81040FDF7F6B910BD00680040CB
:1035200014080020194808B5016841F40011016031
:10353000016801F400110091016841F4800101600B
:103540000068002200F48000009005210C20FEF7A6
:10355000F5F90C20FEF7E4F9002205213920FEF7E9
:10356000EDF93920FEF7DCF9002205213A20FEF7BB
:10357000E5F93A20FEF7D4F9002205214620FEF7AE
:10358000DDF9BDE808404620FEF7CAB930380240F0
:1035900010B5B2B01C2227496846FCF7A1FF0021F4
:1035A000684604F064FA244C22491C2220601C3135
:1035B00007A8FCF795FF002107A804F058FA1D4959
:1035C00060601C2238310EA8FCF78AFF00210EA88B
:1035D00004F04DFA1749A0601C22543115A8FCF7DD
:1035E0007FFF002115A804F042FA1249E0601C2276
:1035F00070311CA8FCF774FF00211CA804F037FAF6
:103600000C4920611C228C3123A8FCF769FF0021A2
:1036100023A804F02CFA074960611C22A8312AA8CB
:10362000FCF75EFF00212AA804F021FAA06132B065
:1036300010BD0000B08D0008000000202DE9F0470B
:1036400086B014216846FCF79FFF474800250168B3
:1036500041F002010160016801F002010591016879
:1036600041F040010160016801F0400105910168ED
:1036700041F001010160016801F00101059101685B
:1036800041F008010160016801F00801059101683D
:1036900041F004010160016801F004010591016835
:1036A00041F480710160016801F480710591016845
:1036B00041F020010160016801F0200105910168DD
:1036C00041F080010160016801F08001059101680D
:1036D00041F0100101600068DFF8909000F01000E8
:1036E0004FF480770590002239464846FEF7AFF840
:1036F000DFF87CA000224FF4A0415046FEF7A7F867
:103700004FF42048012241465046FEF7A0F8032618
:1037100001240096CDE9015469461648FDF7AAFF39
:10372000CDE900740227CDE9024769464846FDF716
:10373000A1FF200303958DE8910069465046FDF7EF
:1037400099FFCDE9008469465046CDE90245FDF771
:1037500091FFA0038DE8710069465046FDF78AFF8E
:1037600006B0BDE8F0870000303802400008024093
:10377000000402400014024010B596B000240F94DB
:1037800010941194129413941C2168461494FCF71D
:10379000FBFE202107A8FCF7F7FE354833490160FE
:1037A00040F24731C0E9011440F69F71C0E90314AB
:1037B00044618461FFF72CF908B1FDF7A4F84FF4D8
:1037C00080500F900FA92A48FFF7ACF908B1FDF718
:1037D0009AF82748FFF7ECFA08B1FDF794F813942C
:1037E00013A923481494FFF7CBF808B1FDF78BF821
:1037F0006020CDE90004029403940494059400220F
:1038000069461B480694FFF76DFA08B1FDF77BF88F
:10381000042269461648FFF765FA08B1FDF773F808
:10382000082269461248FFF75DFA08B1FDF76BF808
:103830000C2269460E48FFF755FA08B1FDF763F808
:103840000794089409944FF400500A94CDE90B4072
:1038500007A907480E94FFF769F808B1FDF753F878
:103860000348FFF7CDF916B010BD0000000001407D
:103870003C08002010B596B000240F9410941194C9
:10388000129413941C2168461494FCF77DFE2021A9
:1038900007A8FCF779FE31482F49016040F61F5117
:1038A000C0E9011440F2E731C0E903148021C0E906
:1038B0000541FFF7ADF808B1FDF725F84FF480504A
:1038C0000F900FA92548FFF72DF908B1FDF71BF858
:1038D0002248FFF76DFA08B1FDF715F8139413A904
:1038E0001E481494FFF74CF808B1FDF70CF860205F
:1038F000CDE90004029403940494059400226946DF
:1039000016480694FFF7EEF908B1FCF7FCFF042215
:1039100069461248FFF7E6F908B1FCF7F4FF082200
:1039200069460E48FFF7DEF908B1FCF7ECFF079493
:10393000089409944FF400500A94CDE90B4007A96C
:1039400006480E94FEF7F2FF08B1FCF7DCFF0348CF
:10395000FFF756F916B010BD00040140840800209E
:103960000C4810B50A4901604FF4E1314160002173
:1039700081600C22C160C0E904128161C161FFF75E
:1039800021FC002803D0BDE81040FCF7BCBF10BDEF
:1039900000100140CC0800200C4810B50A49016015
:1039A0000B494160002181600C22C160C0E9041212
:1039B0008161C161FFF706FC002803D0BDE810401B
:1039C000FCF7A1BF10BD0000004800401409002012
:1039D000A08601000C4810B50A4901604FF4E1319E
:1039E0004160002181600C22C160C0E90412816144
:1039F000C161FFF7E7FB002803D0BDE81040FCF7EA
:103A000082BF10BD001401405C09002010B50022E7
:103A10000F49104801F028FE08B1FCF774FF0E4969
:103A20000C4802F078F808B1FCF76DFF0B49094823
:103A300001F0D6FA08B1FCF766FF064802F040F93B
:103A4000002803D0BDE81040FCF75DBF10BD0000AA
:103A5000A4040020E85A002060050020F40400209F
:103A6000FEE7FEE770B50446D0F8060090ED011AB7
:103A7000784880ED031A0020042317E0D4F80610DC
:103A800003EB80028D1801EB8001D5ED001A71EE79
:103A9000C11AC1ED001AD4F80A100A4401EB8001E2
:103AA000D2ED001A401CC1ED001A80B22188491ED7
:103AB0008142E3DC2188D4F806006FF0070202EBB4
:103AC0008102024492ED001A6FF0030202EB8101C1
:103AD00031EE000A084480ED000A2188D4F80A007B
:103AE00002EB81010844C0ED000AD4F802002188ED
:103AF000884202D2401CC4F80200102104F11A00CE
:103B0000FCF720FD2188D4F802000B1A98B23BE0A4
:103B1000D4F80620D4F81A5002EB800200EE905A36
:103B200092ED000A40EE000A10EE905AC4F81A50C6
:103B3000D4F81E50D2ED000A00EE105A30EE800A82
:103B400010EE105AC4F81E50D2ED000AD4F80A2024
:103B5000D4F8225002EB800200EE105A92ED001AC7
:103B6000401C80B200EE810A10EE105AC4F82250B8
:103B7000D2ED000AD4F8262000EE102A30EE800A9A
:103B800010EE102AC4F826208142C1D800EE101A87
:103B9000D4F82200D4F82620B8EE400A00EE900AAD
:103BA000D4F81E0001EE102A60EE800A00EE100A22
:103BB000D4F81A2040EE410A00EE101A01EE102A45
:103BC000B8EE400A21EE001A00EE100A002000EEC6
:103BD000401A80EE810A10EE102AC4F80E20C4F8B4
:103BE000160098B223E0D4F8063000EE902A03EBDA
:103BF000800393ED001AD4F8123000EE103AD4F896
:103C00000A3000EE810A03EB8003401CD3ED000A6A
:103C1000D4F8163080B230EE600AF0EEC00A00EE42
:103C2000103A30EE800A10EE103AC4F81630814295
:103C3000D9D800EE101A54F8160FB8EE401A00EE5C
:103C4000900A80EE810A10EE100A00EE102A206021
:103C500070BD00009004002070B50446002524F8D3
:103C6000021B8E002560304604F0F4F86060304698
:103C700004F0F0F8A060E560256160683146FCF76B
:103C800083FCA0683146A41EFCF77EFC04F11A00F8
:103C9000BDE870401021FCF755BC00000148FDF75D
:103CA000CBBF0000E47100202DE9F0410668054615
:103CB0000C46306C06EB4411D1F8083B95F806C071
:103CC0004FF400474FF0200E05F29C42BCF1010F6B
:103CD00008D0DFF898C0604538D1180431D5C1F854
:103CE000087B3FE0224E5FEA037C04D5B04239D91D
:103CF0001804F4D436E05FEA836C02D5C1F808EB0F
:103D000030E013F0280F2DD1B04201D91804E6D4C9
:103D100004EBC40005EB8000D1F8101BD0F874321E
:103D2000C1F31201591AC0F8681200F51570ACB948
:103D300003691BB1C2681144C1600FE0012128680A
:103D40000AE098060AD5C1F808EB07E034B9D5F8BF
:103D5000640218B90021304602F042FBE1B2284665
:103D6000FDF752FE0020BDE8F08100000A31544FFB
:103D70000A30544F2DE9F84F0E4601EBC60100EB17
:103D800081048146D0F80080D4E9091014348842B7
:103D900002D90120BDE8F88F081AA168814200D23B
:103DA0000846C01C870808EB461A15E0451AA068AB
:103DB000A84200D20546E81C870899F80600009042
:103DC000ABB2F2B24046E16802F048FEE068284437
:103DD000E060606928446061DAF8180980B2B8428E
:103DE00005D3D4E90401814201D20028DED1D4E90F
:103DF0000401884208D806F00F0101208840D8F855
:103E000034188143C8F834180020C3E770B504465D
:103E10002DED028BB0EE608A90F89C00F0EE408AA7
:103E2000000649D5606B00EE100A206C01EE100A06
:103E3000DFEDFE1A21EE211AB4EEC10AF1EE10FAFE
:103E40003AD32068FA4A00EE100AB0EEC00A10EE2B
:103E5000101A914230DB216900EE100A01EE101AAF
:103E6000F44930EE410AB0EEC01A00EE100AF0EE4E
:103E7000C01A81EE210A10EE100A88420ADD54F8B9
:103E80009D0F6168401C44F8040B41F1000144F8A7
:103E9000A11904E00020C4F89D00C4F8A100D4F8E2
:103EA0009D10D4F8A1304FF4FA720020511A9841B5
:103EB00002D2012084F8A50004F19000FCF7DCFC9C
:103EC00010EE100A18EE101AC4F8940018EE900ABA
:103ED00008EE101A206108EE900A216038EE680A98
:103EE00010EE100AA061D4F8A61009B12046884748
:103EF000A06900EE100AB5EEC00AF1EE10FA00EE6D
:103F0000100A01DCB1EE400AA16C00EE901AB4EE8A
:103F1000E00AF1EE10FA7BDDD4F8981004F16603A4
:103F2000E9B3626800EE102A0A6800EE902A70EE8B
:103F3000200A00EE100A20EE800A10EE102A6262BB
:103F4000A26800EE102A4A6800EE902AD4F8942065
:103F500070EE200A00EE100A60EE800A00EE102AD1
:103F600020EE800A10EE105A2563B4F86450022D3A
:103F70004FD900EE900A00EE102A1846FFF772FDA6
:103F8000E06800EE900AD4F89800806801EE100A0C
:103F900070EE810A20EE200A10EE100A50E0FFE7D2
:103FA000616800EE100A00EE901A20EE800A10EE12
:103FB000101A00EE100A6162A16800EE901AD4F89F
:103FC000941060EE800A00EE101A20EE800A10EEC7
:103FD000102A2263B4F86420022A0AD900EE900A5B
:103FE00000EE101A1846FFF73DFDE06800EE900A5B
:103FF000D0E700EE100AE06900EE900AE06870EE8B
:10400000600A00EE100A20EE801A00EE101A13E08B
:1040100017E1E368896800EE103A00EE901A30EE7E
:10402000201A00EE100AE06900EE900A30EE600AF5
:1040300021EE001A00EE102AC1EE000A10EE900ADE
:10404000E062D4F8AA1009B12046884794F89C0091
:10405000410721D5D4F89810B6EE000AE9B3A2685A
:10406000496800EE902A01EE101AA16970EE811ADB
:1040700000EE901AE16901EE101A70EE810A20EE4E
:10408000800A61EE800AD4F8941000EE101A20EE37
:10409000800A10EE101A2163800602D5204603F034
:1040A0005BFA94F89C00800702D5204603F0ADFA35
:1040B00094F89C20500627D5E06AD4F8941000EEBE
:1040C000900A00EE101AE06D60EE801A00EE900A81
:1040D00000EE101A30EE800A00E03AE081EE801A1D
:1040E000E36B00EE100A00EE903A60EE801A00EEEC
:1040F000100A00EE901A30EE200AC1EE800A31EE6E
:10410000200A10EE100AE062D00702D0204603F029
:10411000D8FAA06A00EE100A206B00EE900A30EE8A
:10412000200A10EE100AA062626A00EE100A00EE89
:10413000902AE06A70EE800A00EE100A30EE800AE3
:1041400010EE100A606394F89C10C90611D4606BDD
:1041500034E0A16900EE901AE16901EE101AA1683D
:1041600070EE810A60EE800A00EE101A60EE800A9E
:1041700089E7D4F8941000EE100A00EE901AA06DB2
:10418000A36B60EE201A00EE900A00EE101A30EEDB
:10419000800A00EE903A81EE801A00EE100A60EE7E
:1041A000801A00EE100A00EE901A30EE200AC1EEDE
:1041B000800A31EE200A10EE100A606300EE900AC9
:1041C000206C00EE100AF4EEC00AF1EE10FA00DDE9
:1041D0006063616B00EE100A00EE901AB1EE400AC7
:1041E000F4EEC00AF1EE10FA06D200EE100AB1EEBB
:1041F000400A10EE101A616300EE102A00EE900AD9
:10420000B4EEE00AF1EE10FA00DD6062616A00EEE1
:10421000100A00EE901AB1EE400AF4EEC00AF1EE78
:1042200010FA0ED200EE100A06E000006F12833A78
:1042300017B7D1383333733FB1EE400A10EE100A8E
:10424000606220696061606BA063E16AE163A169FB
:10425000E161216B216200EE100ABDEC028B70BDA2
:1042600070B5044611EE100A0025A06410EE900A05
:104270001646606410EE100A206411EE900A256064
:10428000606012EE100AA06012EE900AE0602563F2
:1042900013EE100A2566206513EE900A606514EE91
:1042A000100AA06514EE900AE065A4F8641004F109
:1042B0006600FFF7D1FCC4F8905084F89C600021A0
:1042C000C4F89D10C4F8A11084F8A5502566656354
:1042D00070BD000030B5144C23685D6945F04005A1
:1042E0005D612368DC6844F01004DC600F4C2368D7
:1042F0001D6825F001051D6023681D68ED07F7D1D5
:1043000025680B4BAB602368D8602068016120688A
:1043100042602068016841F48021016020680168E2
:1043200041F00101016030BD14090020640A002041
:1043300004480040FFF76AFB012003F07FFBFBE726
:1043400010B5FDF78FFA04F041FC012803D0BDE859
:10435000104004F0BFBB10BD30B593B030216846AB
:10436000FCF712F914210CA8FCF70EF91D480025E2
:10437000016841F080510160006800F080501190A8
:104380001948016841F4804101600068022400F48A
:104390008040119001200090000401908001CDE93F
:1043A000064006200890A820CDE9090407200B90BC
:1043B0006846FEF7FBF808B172B6FEE70CA90F20BD
:1043C00081E831004FF4A0500F904FF480501090CE
:1043D00005210CA8FDF7F8FF002801D072B6FEE712
:1043E00013B030BD40380240007000400248016800
:1043F00041F470010160704788ED00E0F0B502689B
:10440000294D2A4E2A4FDFF8ACC02B4B4FF0804E7F
:10441000A84209D0704507D0B04205D0B84203D0B9
:10442000604501D0984203D122F070044A682243CB
:10443000A8421BD0704519D0B04217D0B84215D051
:10444000604513D0984211D01C4CA0420ED01C4C99
:10445000A0420BD01B4CA04208D01B4CA04205D060
:104460001A4CA04202D01A4CA04203D122F440744C
:10447000CA6822434C6922F08002224302608A68A3
:10448000C2620A688262A84201D0984201D10969D9
:104490000163012141610169C90703D0016921F06C
:1044A00001010161F0BD0000000001400004004076
:1044B00000080040000C00400004014000400140A2
:1044C000004401400048014000180040001C00402A
:1044D0000020004010B501F01F010123046A8B4049
:1044E0009C430462036A8A401343036210BD10B503
:1044F000846842EA032224F47F440A432243826010
:1045000010BD826822F070020A4342F00701816008
:1045100070470000F0B5026A036A23F001030362EA
:1045200043688469114E24F073050C68104F2C43C6
:1045300022F002058A682A43B04201D0B84205D170
:1045400022F00805CA682A4322F00402B04201D0D2
:10455000B84205D14D6923F440731D438B692B4349
:1045600043608461496841630262F0BD000001401C
:1045700000040140F0B5026A036A23F010030362ED
:10458000436884690D6824F4E64444EA05248D6890
:1045900022F0200242EA05120F4D104EA84201D02F
:1045A000B04206D1CF6822F0800242EA071222F020
:1045B0004002A84201D0B04207D14D6923F44063C4
:1045C00043EA85038D6943EA850343608461496852
:1045D00081630262F0BD0000000001400004014060
:1045E000F0B5026A036A23F4807303624368C46906
:1045F00022F4007224F073050C68124E2C438D686F
:1046000042EA05220E4DA84201D0B04206D1CF6841
:1046100022F4006242EA072222F48062A84201D01A
:10462000B04207D14D6923F4405343EA05138D6925
:1046300043EA05134360C4614968C1630262F0BD87
:10464000000001400004014030B5036A026A22F410
:10465000805202624268C4690D6824F4E64444EA68
:1046600005248D6823F4005343EA0533084DA8421E
:1046700002D0084DA84204D14D6922F4804242EA9A
:1046800085124260C46149680164036230BD000064
:10469000000001400004014010B5046A036A23F0E1
:1046A00001030362836923F0F00343EA021324F059
:1046B0000A020A438361026210BD10B5036A046AEC
:1046C00024F010040462846923F0A00324F47044ED
:1046D00044EA023243EA01118261016210BD10B561
:1046E000806B0021C185C184FEF732FC10BD70B51E
:1046F000846B2068406994F84110C0F3C010002515
:10470000212904D118B1E584204600F08EF82068F4
:10471000406994F84210C0F38010222904D118B1E6
:10472000E585204600F05AF8606C40F010006064A7
:104730002046FEF70DFC70BD10B50146806B096880
:1047400009684FF00003C9052ED4C38501680C31F8
:1047500051E8002F22F4807241E80024002CF5D1AA
:104760000168143151E8002F22F0010241E80024D1
:10477000002CF5D10168143151E8002F22F04002DD
:1047800041E80024002CF5D1202180F84210016B73
:10479000012909D101680C3151E8002F22F01002E3
:1047A00041E80024002CF5D14363016B012902D0BC
:1047B000FEF750FE10BD818DFEF7BCFB10BD10B59D
:1047C000806B01214163016B012902D0FEF743FE9A
:1047D00010BD818D4908FEF7ADFB10BD01680C319D
:1047E00051E8002F22F4907241E80023002BF5D10C
:1047F0000168143151E8002F22F0010241E8002342
:10480000002BF5D1016B012909D101680C3151E868
:10481000002F22F0100241E80023002BF5D12021C7
:1048200080F8421000210163704701680C3151E8A3
:10483000002F22F0C00241E80023002BF5D12021F7
:1048400080F84110704708B590F84210222901D035
:10485000022008BD81684FF48053994201D102695A
:1048600022B1826A99421BD049B10AE00268816A8A
:104870005268C2F308020A80816A891C08E0016953
:1048800071B10168496801F07F011170816A491CAA
:104890008162C18D491E0904090CC18503D01BE04A
:1048A00001684968F1E70168CA6822F02002CA601D
:1048B0000168CA6822F48072CA6001684A6922F0FD
:1048C00001024A61202180F8421000214163026BFD
:1048D000012A03D0FEF7BEFD002008BD0163016878
:1048E0000C3151E8002F22F0100241E80023002B88
:1048F000F5D101680A68D20602D50A6849680091B4
:10490000818DFEF717FBE7E770B504460068016983
:10491000E26821F4405111430161A1682069E26914
:1049200001436069104301432068C26849F20C6387
:104930009A430A43C26020684169A26921F4407128
:104940001143416131492068884202D03049884290
:1049500002D1FDF7E9FD01E0FDF7D6FDE269002394
:10496000192164253226B2F5004F626828D0A0FBD9
:104970000101930F9200FBF7F7FC0146B0FBF5F045
:104980006FF01802504301EB800006EB0010B0FB03
:10499000F5F000F0F002B1FBF5F002EB0012B1FB14
:1049A000F5F06FF01803584301EB800006EB0010A0
:1049B000B0FBF5F000F00F0021681044886070BD76
:1049C000A0FB010192185B41FBF7CEFC0146B0FB56
:1049D000F5F00201B1FBF5F06FF01803584301EB5D
:1049E000800006EBC000B0FBF5F000F0F80002EB31
:1049F0004002B1FBF5F0584301EB800006EBC0002C
:104A0000B0FBF5F000F00700D6E700000010014011
:104A10000014014037B582B01346039A82620446FF
:104A2000838500206064222184F84210E56B1B49D5
:104A3000E963E56B1A492964E56B1A49E964E16B9E
:104A400008652168E06B091DFCF7CAFD2068016854
:104A500040680090206948B120680C3050E8001F81
:104A600041F4807140E80012002AF5D1206814302A
:104A700050E8001F41F0010140E80012002AF5D182
:104A80002068143050E8001F41F0400140E8001257
:104A9000002AF5D105B0002030BD000039470008DC
:104AA000BF470008EF4600080148FEF753BA000070
:104AB000CC080020234818B400680168890604D592
:104AC00001684068009018BC70471F490968C90612
:104AD000F9D5016840681D4A0090106801681C4CB7
:104AE000090301684FF0240321F0010101601168FE
:104AF0004868C0F1240080B220804B600FD4116858
:104B00000B6843F400230B6011680A6842F001024D
:104B10000A601228D7D10F4901F116000EE00E49A4
:104B20008B6A23F400238B6211680A6842F0010249
:104B30000A601228C7D1074901F13A0018BC03F0F6
:104B40001DBB00001409002000480040640A00203A
:104B500076000020CC140020006002401F4818B4EA
:104B60000068C00637D51E49086802684068009092
:104B7000C86B006802681B4C120302684FF4007394
:104B800022F001020260C86B00684268C2F5007240
:104B900092B222804360C86B006803680CD443F46F
:104BA00000230360C86B0068016841F001010160E7
:104BB0000D4901F580600BE023F400230360C86B0E
:104BC0000068016841F001010160084901F50070C9
:104BD00018BC02F0E4BD18BC70470000001401408E
:104BE0005C090020D403002040150020401700205D
:104BF00070B5D0F8C822D0F8D43200EB8303D3F8D4
:104C0000C032002B28D001F00F0C0CEB8C0400EB11
:104C100084050026AC6954B10CEBCC0C02EB8C0281
:104C2000D2F81CC0B4FBFCF20CFB1242B2B1C3F8C8
:104C30001462D0F8D42200EB8200D0F8C402D0F87D
:104C400010C0BCF1000F05D00A4603F50471D3F87B
:104C50000802E047002070BD032070BDAE61002354
:104C60001A4600F036FFF5E770B50446D4F8D402D2
:104C700004EB8000D0F8C052002D12D0204600F086
:104C800001FEC5F80C02D4F8D412D5F8040204EBE6
:104C90008101D1F8C412CA6805F50371904700205C
:104CA00070BD032070BD000070B50446224D204643
:104CB000297800F0F6FC2878002600F00F0000EBC1
:104CC000800004EB800086846978204600F0E9FCCF
:104CD000687800F00F0000EB800004EB8000A0F883
:104CE0006461A978204600F0DCFCA87800F00F0091
:104CF00000EB800004EB80008684C684D4F8D402E4
:104D000004EB8000D0F8C01299B1D0F8C40240681A
:104D10008047D4F8D40204EB8000D0F8C00201F040
:104D20006AF9D4F8D40204EB8000C0F8C062C4F879
:104D3000BC62002070BD00000C05002010B5D0F84A
:104D4000D41200EB8100D0F8C042002C10D0D0F873
:104D5000C41259B194F80002FF2807D08B6894F868
:104D6000012221469847FF2084F80002002010BD50
:104D7000032010BD0A210180004870471005002063
:104D800070B5064682210C4800F0E4FB054601217F
:104D9000094800F0DFFB04468121074800F0DAFBF8
:104DA0000DB11021A971402104B1A18000B1818011
:104DB00043203080004870BD1C05002070B50646B9
:104DC00082210D4800F0C6FB054601210A4800F08B
:104DD000C1FB04468121084800F0BCFB0DB1102145
:104DE000A9714FF4007104B1A18000B1818043200A
:104DF0003080014870BD00001C05002070B50646DB
:104E000082210C4800F0A6FB05460121094800F06C
:104E1000A1FB04468121074800F09CFB0DB1102145
:104E2000A971402104B1A18000B18180432030806C
:104E3000004870BD1C0500202DE9F04704464FF4E2
:104E4000077001F0D9F805464FF00008002D63D037
:104E50004FF407712846FBF797FBD4F8D40204EB14
:104E60008000C0F8C052C4F8BC52207C0127494ED3
:104E70004FF01009002858D04023022231782046F4
:104E800000F06EFD307800F00F0000EB800004EBC6
:104E900080008784402302227178204600F060FD64
:104EA000707800F00F0000EB800004EB8000A0F8A9
:104EB0006471B07800F00F0000EB800004EB80001C
:104EC000A0F8269008230322B178204600F048FD80
:104ED000B07800F00F0000EB800004EB80008784C6
:104EE000C5F80482D4F8D40204EB8000D0F8C402E0
:104EF00000688047C5F81482C5F81882D5F80422E6
:104F0000002A3CD0207CC8B340237178204600F0B2
:104F100033FD0020BDE8F087D4F8D40204EB800014
:104F2000C0F8C0820220BDE8F0874FF4007302226F
:104F30003178204600F014FD307800F00F0000EBCF
:104F4000800004EB800087844FF4007302227178A4
:104F5000204600F005FD707800F00F0000EB8000A7
:104F600004EB8000A0F86471B07800F00F0000EB53
:104F7000800004EB8000A0F82690A3E702E0022066
:104F8000BDE8F0874FF400737178204600F0F4FC20
:104F9000BFE700000C05002010B5D0F8D41200EBDC
:104FA0008101D1F8C01200290CD0027CDFF82CC09E
:104FB00052B1D1F8042240239CF8011000F0DCFC2F
:104FC000002010BD032010BDD1F804224FF400735F
:104FD0009CF8011000F0D0FCF2E700000C05002066
:104FE000002907D0D0F8D42200EB8200C0F8C41208
:104FF0000020704703207047D0F8D42200EB8200D5
:10500000D0F8C002002803D0C0F804120020704776
:1050100003207047D0F8D43200EB8300D0F8C002F0
:10502000002805D0C0F80812C0F8102200207047F0
:1050300003207047F0B583B006460C46D6F8D4027C
:1050400006EB8000D0F8C07200210291019100258A
:10505000002F0DD0217811F060023BD0202A0AD019
:105060002146304600F0C9F8032503B02846F0BDBC
:1050700003B00320F0BDE28812B311F0800F10D00E
:10508000D0F8C40294F801C0394683686046984756
:10509000E288072A00D907223946304600F0D3F8C3
:1050A000E3E7607887F80002E088402800D34020DA
:1050B000C2B287F801223946304600F0AAF8D4E798
:1050C000D0F8C40294F801C00022836821466046EB
:1050D0009847CAE7607858B10128C6D00A2817D087
:1050E0000B2825D02146304600F087F80325BCE781
:1050F00096F89C02032805D02146304600F07DF842
:105100000325B2E7022201A9304600F09CF8ACE783
:1051100096F89C02032805D02146304600F06DF831
:105120000325A2E7012202A9304600F08CF89CE793
:1051300096F89C02032898D02146304600F05DF88E
:10514000032592E710B5D0F8D41200EB8101D1F815
:10515000C0220121002A03D0D2F8143213B117E083
:10516000032010BD0121C2F814120A49D2F810C25E
:10517000097801F00F0303EB830300EB8303C3F80B
:1051800018C0D2F81032D2F8082200F0A2FC002198
:10519000084610BD0C05002010B50024D0F8B82238
:1051A0005268904700B10324204610BD90F89C221D
:1051B000012A05D0022A03D0032A01D000F01DB82D
:1051C0004988012904D10021C0F8A41200F048B890
:1051D0007047002070470020704710B513460A46FC
:1051E000002100F0C9FB002010BD10B513460A468F
:1051F000002100F06EFC002010BD10B50446802197
:10520000204600F047FC2046BDE81040002100F099
:1052100041BC10B50323C0F89432C0F85821C0F83F
:105220005C2113460A46002100F0A6FB002010BDB9
:1052300010B50521C0F8941200231A46194600F053
:105240009BFB002010BD10B50223C0F89432826190
:10525000C26113460A46002100F03BFC002010BD4D
:1052600010B50421C0F8941200231A46194600F024
:1052700030FC002010BD000010B5002806D00A4602
:10528000054906A000F0B2F9034810BD0A460249DC
:1052900002A000F0ABF9F7E7C45D002043444320CF
:1052A000436F6E66696700001220088000487047EF
:1052B000C404002010B5002806D00A46054906A0FF
:1052C00000F094F9034810BD0A46024902A000F01C
:1052D0008DF9F7E7C45D002043444320496E7465AF
:1052E0007266616365000000042008800048704712
:1052F000C004002010B50A46024903A000F076F968
:10530000004810BDC45D002053544D6963726F6541
:105310006C656374726F6E696373000010B500286A
:1053200006D00A46054906A000F060F9034810BD02
:105330000A46024902A000F059F9F7E7C45D0020CF
:1053400053544D3332205669727475616C20436F2B
:105350006D506F727400000010B51A200880FBF7C2
:10536000D5FA014810BD0000D8040020CA88012ADF
:1053700001D0FFF742BF90F89C22012A05D0022AF3
:1053800003D0032A08D0FFF738BF00218160012233
:1053900000F10801FFF757BF0122011DFFF753BFBE
:1053A0002DE9F84304460F46002000900026002512
:1053B0007888010A082970D2DFE801F0AB040C22DA
:1053C000ABAB8B9AD4F8B412207C0A68694690473C
:1053D0000646A3E0207C4FF0020840B1D4F8B802A2
:1053E000C16A68468847064686F8018096E0D4F888
:1053F000B802816A68468847064686F801808DE0D3
:10540000C0B206285FD2DFE800F0031221303F4F20
:10541000D4F8B402426822B1207C6946904706461F
:105420007CE039462046FFF7E8FE012576E0D4F817
:10543000B402826822B1207C6946904706466DE03E
:1054400039462046FFF7D9FE012567E0D4F8B402BB
:10545000C26822B1207C6946904706465EE0394624
:105460002046FFF7CAFE012558E0D4F8B4020269CD
:1054700022B1207C6946904706464FE039462046D7
:10548000FFF7BBFE012549E0D4F8B40242692AB116
:10549000207C69469047064640E03AE0394620467F
:1054A000FFF7ABFE012539E0D4F8B402826922B1DE
:1054B000207C69469047064630E039462046FFF793
:1054C0009CFE01252AE039462046FFF796FE01257D
:1054D00024E0207C28B139462046FFF78EFE0125C6
:1054E0001CE0D4F8B802416B68468847064615E0D0
:1054F000207C28B139462046FFF77FFE01250DE0CC
:10550000D4F8B802016B68468847064607217170D7
:1055100004E039462046FFF770FE0125002D0CD12E
:10552000FA8892B1BDF8000048B1824200D9024623
:10553000009231462046FFF786FEBDE8F8833946E3
:105540002046FFF75AFEBDE8F8832046FFF788FEA5
:10555000BDE8F88378B50E46054600246A882978A8
:1055600028468A4212D900918A420FD9694600F032
:105570001BF84178052904D10446A178B14205D031
:1055800000246988BDF800209142EFD8204678BDFC
:1055900000210278002A05D0491CC9B2401C0278BB
:1055A000002AF9D1084670470A8803781A440A800D
:1055B00001780844704790F89C22012A05D0022AFD
:1055C00003D0032A01D0FFF718BECA88022A01D0EF
:1055D000FFF713BE0121C160D0F8A41209B1032165
:1055E000C160022200F10C01FFF72DBE70B50D461F
:1055F0001646002825D004462046FFF7C9FF0221A1
:1056000001EB4000B0F5007F01D9080204E020461C
:10561000FFF7BEFF4000801C3080307828700320E8
:1056200068700220217800290BD0002122782A54AA
:10563000641C401CC0B22954401CC0B22278002A0D
:10564000F4D170BD01460020002906D0012905D003
:10565000022905D0032905D0032070470320704795
:10566000012070470320704700280FD00023C0F8A6
:10567000B832C0F8C432C0F8D03209B1C0F8B412A0
:10568000012180F89C12027000F000B903207047DD
:1056900010B5D0F8C802FCF7F9F9BDE81040FFF7E3
:1056A000D1BF10B5D0F8C802FCF7CBF9BDE8104067
:1056B000FFF7C8BF70B504460B469446002B09D0CF
:1056C00043F080012046FFF784FDFF285ED00028CC
:1056D0004CD05BE004F11400D4F8941200250229A8
:1056E0003BD18268C1688A420CD9521A82606146F5
:1056F0002046FFF77AFD00231A461946204600F09F
:105700003BF92AE0914214D14068884211D3D4F881
:10571000981288420DD2002211462046FFF765FDFF
:10572000C4F8985200231A461946204600F024F97E
:1057300013E094F89C02032808D1D4F8B802C16899
:1057400021B1C4F8D452C168204688478021204640
:1057500000F0A0F92046FFF76BFD94F8A00220B1FD
:10576000204600F0F5F984F8A0520FE094F89C125E
:1057700003290BD1D4F8B8124A693AB1C4F8D4025B
:105780004A69194620469047002800D1002070BD84
:1057900010B504460B4694460022002B09D003F0B6
:1057A0007F012046FFF715FDFF2857D0002840D085
:1057B00054E004F5AA70D4F8941203294ED1C268BB
:1057C000816891420AD98A1A8260C068824200D3F5
:1057D000024661462046FFF700FD3FE094F8AA022A
:1057E00010F01F0006D0012806D002280AD00020A1
:1057F00070B11AE00020FBE794F8AE122046FFF7E4
:10580000EAFCF5E794F8AE122046FFF7E2FCEFE77A
:1058100094F89C12032908D1D4F8B8120A6922B16D
:10582000C4F8D4020969204688472046FFF718FDCE
:1058300014E094F89C1203290DD1D4F8B812D1F8D1
:1058400018C0BCF1000F06D0C4F8D4028A6919460A
:105850002046904702460AB1104610BD002010BDF8
:105860000020704710B50024012180F89C12D0F868
:10587000B822002A04D052680179904700B103246D
:10588000204610BDD0F8C802FCF72DB910B501783C
:10589000002927D11449C1F8E004C0F8C8124FF01C
:1058A000A0400860042008710222CA71002088719B
:1058B0004A728872C87208738873C8730846FCF706
:1058C00069FC08B1FBF71FF880210748FCF769F86D
:1058D000402200210448FCF768F880220121024898
:1058E000FCF763F8002010BDE471002011F0800F78
:1058F00001F07F01D0F8C80201EBC10100EB81008B
:1059000001D0807D704790F85602704710B5D0F8EE
:10591000D42200EB8202D2F8B822002A04D090F8F8
:105920009C32032B02D004E0032010BD126A02B1A6
:105930009047002010BD10B5D0F8D42200EB8202B1
:10594000D2F8B822002A04D090F89C32032B02D05F
:1059500004E0032010BD526A02B19047002010BD40
:1059600010B59C461346D0F8C8026246FCF7C4F84E
:10597000BDE81040FFF766BE10B5D0F8C802FCF7CE
:10598000ECF8BDE81040FFF75DBE2DE9F04104469C
:105990000025012684F89C620020C4F8940260600F
:1059A000C4F8A40284F8A002D4F8B802002806D0F3
:1059B000426822B100212046904700B10325002211
:1059C000402311462046FFF7CBFFA4F8646140272F
:1059D000C4F860714023002280212046FFF7C0FFF9
:1059E000A68427622846BDE8F08190F89C1204291D
:1059F00003D190F89D1280F89C120020704710B5DA
:105A000090F89C12032905D1D0F8B81211B1C969D8
:105A100001B18847002010BD01740020704710B507
:105A2000D0F8C802FCF77DFCBDE81040FFF70ABEC5
:105A300010B5044604F2AA2000F054F80120C4F87E
:105A40009402B4F8B002C4F8980294F8AA1211F0C3
:105A50001F000AD001280FD0022814D02046BDE82C
:105A6000104001F0800100F015B804F2AA21204690
:105A7000BDE8104000F026B904F2AA212046BDE896
:105A8000104000F071BA04F2AA212046BDE810408F
:105A900000F053B910B5D0F8C802FCF77AF8BDE8A9
:105AA0001040FFF7CFBD10B5D0F8C802FCF753FC8B
:105AB000BDE81040FFF7C6BD90F89C12042903D042
:105AC00090F89C1280F89D12042180F89C1200200E
:105AD000704710B5D0F8C802FCF794F8BDE8104044
:105AE000FFF7B0BD0A780270491C0A784270491C61
:105AF0000A784B1C1B7842EA03224280891C0A78F0
:105B00004B1C1B7842EA032282808A78C97842EAD9
:105B10000121C180704738B504460020009000295B
:105B200014D0C4F8B812D4F8D40204EB8000D0F832
:105B3000B802C16A19B168468847C4F8D002D4F8DF
:105B4000D802401CC4F8D802002038BD032038BD5C
:105B50000020704770B504468888002821D1C88885
:105B6000F8B9488880281CD200F07F0594F89C0280
:105B700003280DD084F89E5229462046FFF74FFF98
:105B80002046FFF76DFB45B1022084F89C0270BDF2
:105B90002046BDE87040FFF730BB012084F89C022E
:105BA00070BD2046BDE87040FFF727BB03460020CC
:105BB000D3F8B822002A02D012681846104770475E
:105BC0002DE9F04104460F460025334EB978317077
:105BD000012906D939462046FFF70FFB0320BDE80F
:105BE000F08194F89C024FF0020802280DD003289F
:105BF00025D039462046FFF700FB31782046FFF7D5
:105C0000CBFA03252846BDE8F081A1B161602046AA
:105C1000FFF7CCFF0546280006D039462046FFF79F
:105C2000ECFA84F89C82EDE72046FFF719FB03208D
:105C300084F89C02E6E72046FFF712FBE2E7C9B1D1
:105C40006068884224D0C1B22046FFF7A5FA3178B7
:105C500061602046FFF7AAFF0546280014D03946A8
:105C60002046FFF7CAFA21792046FFF795FA84F813
:105C70009C82C7E784F89C8261602046FFF78CFA1B
:105C80002046FFF7EDFABDE72046FFF7E9FAB9E74E
:105C90002046FFF7E5FAB5E7080500204A88012A03
:105CA00003D0022A06D0FFF7A8BA0121C0F8A41237
:105CB000FFF7D6BA8988090A80F8A012FFF7D0BA90
:105CC000FFF7F1BE10B500240A7812F0600211D07F
:105CD000202A05D0402A03D0FFF78FFA204610BDB6
:105CE000D0F8D42200EB8202D2F8B8229268904712
:105CF0000446F3E74A780A2A1CD2DFE802F01218B9
:105D00001B151B08051B0F0BFFF74AFBE6E7FFF708
:105D100021FFE3E7FFF754FF0446DFE7FFF726FB29
:105D2000DCE7FFF748FCD9E7FFF7B8FFD6E7FFF756
:105D30003DFAD3E7FFF761FAD0E72DE9F0410546D8
:105D40000E4600273479307810F060001ED02028ED
:105D500008D0402806D031462846FFF74EFA38468C
:105D6000BDE8F08121462846FFF733FAFF28F6D038
:105D70000028F4D1C5F8D402D5F8B8028268002A08
:105D8000EDD03146284690470746E8E7707800286E
:105D900072D0012831D0032804D031462846FFF7BD
:105DA0002CFADCE795F89C02022806D0032815D0CF
:105DB00031462846FFF721FAD1E754B1802C08D0AC
:105DC00021462846FFF766FE80212846FFF762FE3F
:105DD000C5E731462846FFF710FAC0E7708840B99A
:105DE0003CB1802C05D0F08818B921462846FFF731
:105DF00051FE2846FFF734FAB1E795F89C020228D5
:105E000006D0032815D031462846FFF7F6F9A6E755
:105E100054B1802C08D021462846FFF73BFE802154
:105E20002846FFF737FE9AE731462846FFF7E5F99F
:105E300095E77088002892D114F07F0F03D0214697
:105E40002846FFF725FC2846FFF70AFA2146284690
:105E5000FFF7BFF9FF2882D0002880D1C5F8D4020F
:105E6000D5F8B8028268002A3FF479AF3146284657
:105E70009047074673E7FFE795F89C024FF000084C
:105E8000022806D0032827D031462846FFF7B5F967
:105E900065E734B1802C04D031462846FFF7ADF9D0
:105EA0005DE714F0800F08D004F07F0000EB800065
:105EB00005EB800000F1140107E004F07F0000EB27
:105EC000800005EB800000F5AA71C1F80080022275
:105ED0002846FFF7B8F942E714F0800F0CD004F021
:105EE0000F0000EB800005EB8000808C68B9314624
:105EF0002846FFF782F932E704F00F0000EB80003C
:105F000005EB8000B0F8640158B114F0800F0DD09B
:105F100004F07F0000EB800005EB800000F1140628
:105F20000CE031462846FFF768F918E704F07F00D7
:105F300000EB800005EB800000F5AA764CB1802CC8
:105F400007D021462846FFF7D1FC28B10120306058
:105F500004E0C6F8008001E0C6F800800222314665
:105F60002846FFF770F9FAE670B505460E4600249C
:105F7000307810F0600009D0202807D0402805D0E4
:105F800031462846FFF739F9204670BD95F89C0246
:105F9000012808D0022806D0032804D0314628461C
:105FA000FFF72BF9F0E7B088C1B201291ED8C1B2C2
:105FB0002846FFF710F9FF2800D048B10324F088E5
:105FC0000028E1D1002CDFD12846FFF749F9DBE7B3
:105FD000D5F8B8128A683AB1C5F8D4028A68314651
:105FE000284690470446EAE70324E8E73146284676
:105FF000FFF703F9C8E7704700487047C46F0020F7
:1060000070B50A78012302F00F054E78AB401B4CA7
:10601000D0F81C58012E17D045EA0343C0F81C38AD
:1060200000EB4210D0F8002B12040BD4D0F8002B58
:106030000B890979C3F30A031A4344EA81410A43ED
:10604000C0F8002B002070BD9BB21D43C0F81C5847
:1060500000EB4210D0F800391B04F3D4D0F800391B
:106060000D890979C5F30A0589042B4341EA825158
:106070000B432343C0F80039E4E700000080001020
:10608000D0F800196FF30A01C0F80019D0F804180D
:1060900041F48071C0F804180020704770B50D46B7
:1060A0000446C2F3072004991E4601281BD0E0686D
:1060B00040F04000E060204600F032F8C6F30721CF
:1060C0000029A16B26D021F48031A163C5F30741DB
:1060D000012907D1A16841F00601A160A16841F042
:1060E0002001A16070BDA06B20F48030A063E06847
:1060F0000A4A1040E060E06820F44010E060C8B256
:10610000012803D1E06840F48010E060204600F0F0
:1061100007F8DBE741F48031D7E70000BFFFBDFFA0
:1061200008B500234FF0706200930099491C00915C
:1061300091420CD801690029F7DA0093016941F016
:10614000010101610099491C0091914201D903208C
:1061500008BD0169C907F5D1002008BD70B54C78AC
:106160000A78012300EB4212012C2DD0D2F8004B0B
:10617000002C0BDAD2F8004B44F00064C2F8004B5C
:10618000D2F8004B44F08044C2F8004BD0F83C48B1
:106190000D781E4605F00F05AB4024EA0343C0F816
:1061A0003C38D0F81C48097801F00F0106FA01F3D9
:1061B00024EA0341C0F81C18D2F8000B1949084022
:1061C000C2F8000B002070BDD2F80049002C0BDA99
:1061D000D2F8004944F00064C2F80049D2F80049FE
:1061E00044F08044C2F80049D0F83C480D7805F0EE
:1061F0000F061D46B3409BB29C43C0F83C48D0F804
:106200001C48097801F00F0105FA01F399B28C439B
:10621000C0F81C48D2F8000903490840C2F8000938
:10622000D0E700000078F3EF007833ECD0F8001EE0
:1062300021F00301C0F8001ED0F8041821F002017B
:10624000C0F8041800207047D0F8001E21F00301A8
:10625000C0F8001ED0F8041841F00201C0F804187C
:10626000002070472DE9F04F002604460F46924665
:106270003046354604EB8001C1F80451401C0F281C
:10628000F8D3C3F307405FEA000B204613D0806BBE
:1062900020F40011A163A06B40F40021A163C4F8B5
:1062A000005ECAF30720012817D0D4F80018204652
:1062B00041F0030118E0D0F8040840F00201C4F8EE
:1062C0000418A06B40F40011A163A06B20F400211E
:1062D000A163A06B20F48021E0E7380ED4F8001809
:1062E000204601D041F00101C0F80018102100F053
:1062F00087FA00B10126204600F066FA00B10126B7
:10630000C4F81058C4F81458C4F81C5800204FF0B2
:10631000006C4FF090434FF67F39FAB214E004EB73
:106320004011D1F80089B8F1000F06DA10B1C1F8B8
:10633000003904E0C4F800C901E0C1F80059C1F80F
:106340001059C1F80899401C8242E8D8002014E096
:1063500004EB4011D1F8008BB8F1000F06DA10B150
:10636000C1F8003B04E0C4F800CB01E0C1F8005BD9
:10637000C1F8105BC1F8089B401C8242E8D8D4F8F1
:10638000100820F48071C4F81018A5616FF08040E7
:106390006061C7F3074018B9A06940F01000A06120
:1063A000A0690A490843A061CAF3074018B1A0696F
:1063B00040F00800A061BBF1010F03D1A0690449BE
:1063C0000843A0613046BDE8F08F000000383C80F3
:1063D00004000040816821F00101816000207047C5
:1063E00010B5036C134CA34203D9D0F8003B002B2B
:1063F0001EDB0023C0F8103BD0F8103B43F4002311
:10640000C0F8103BD0F8103B43F01803C0F8103B25
:10641000D0F8103B43F0C043C0F8103B012907D12E
:10642000C0F8142BD0F8001B41F08021C0F8001BED
:10643000002010BD0A30544F4A780B78012A00EB37
:1064400043100BD0D0F8002B22F40012C0F8002B20
:106450000979032914D0022912D017E0D0F80029B5
:1064600022F40012C0F800290979032901D0022979
:106470000CD1D0F8001941F08051C0F8001905E0A6
:10648000D0F8001B41F08051C0F8001B002070477D
:106490000A784B78D1B200EB4110012B12D0D0F822
:1064A000001B002906DB2AB1D0F8001B21F0804137
:1064B000C0F8001BD0F8001B41F40011C0F8001B0D
:1064C00000207047D0F80019002906DB2AB1D0F867
:1064D000001921F08041C0F80019D0F8001941F4EA
:1064E0000011C0F80019EBE7F8B50C784F788B4D28
:1064F000E3B26FF0604600EB4313012F29D0D3F8CD
:10650000107B6FF31207C3F8107BD3F8107B2F407A
:10651000C3F8107B002C7DD00D69002D7BD08C68DA
:1065200025446D1EB5FBF4F5ADB26C430C62D3F897
:10653000104B06EAC5452C43C3F8104BD3F8104B5B
:106540000D6AC5F312052C43C3F8104B012A70D015
:10655000CBE00F69EFB1D3F810796FF31207C3F8EE
:106560001079D3F810792F40C3F810790CB30F6964
:106570008D682F447F1EB7FBF5F5D3F81079ADB2C7
:1065800006EAC5463743C3F810790E79012E1CD0B0
:106590002AE0D3F810692E40C3F81069D3F81059D7
:1065A00045F40025C3F81059D3F810596FF31205BC
:1065B00020E00E698D68AE4200D90D61D0F8105907
:1065C00045F40026C0F810690EE0D3F8106926F0F3
:1065D000C046C3F81069D3F810694FF0C04707EA06
:1065E00045752E43C3F81069D3F810590E69C6F3E8
:1065F00012063543C3F81059012A1BD000EB44138F
:10660000D3F8004944F00444C3F800490C79012C44
:1066100031D001E044E057E00A695AB3D0F8342899
:10662000097801F00F03012199400A43C0F834288A
:1066300071E056E0CA691AB100EB4413C3F814299B
:10664000097901290ED1D0F80818C90500EB4411C9
:10665000D1F8002902D442F0005201E042F0805209
:10666000C1F8002900EB4410D0F8001941F00441B2
:10667000C0F800194FE0D0F80848E405D3F8004905
:1066800002D444F0005401E044F08054C3F80049BF
:1066900000920A8A93B20A78C96800F0DFF93AE0FA
:1066A0000C690CB18C680C618C680C62D0F8105BC2
:1066B000C4F312042543C0F8105BD0F8104B44F427
:1066C0000024C0F8104B41E7D3F8104B8D68C5F398
:1066D00012052C43C3F8104BD3F8104B44F400249C
:1066E00032E7CA680AB1C3F8142B097901290CD121
:1066F000D0F80808C005D3F8000B02D440F00050D1
:1067000001E040F08050C3F8000BD3F8000B40F0DC
:106710000440C3F8000B0020F8BD0000FFFF07E0B5
:1067200038B5002200920B784D7800EB431442F20A
:106730001073012D19D0D4F8005B002D3CDAD4F889
:10674000005B45F00065C4F8005B0C7800EB441476
:10675000D4F8005B45F08045C4F8005B009C641CE5
:1067600000949C4221D9012226E0D4F80059002D42
:1067700022DAD4F8005945F00065C4F800590C78C5
:1067800000EB4414D4F8005945F08045C4F8005992
:10679000009C641C00949C42E5D80C7800EB4414E7
:1067A000D4F80049002CF3DB06E00C7800EB44142D
:1067B000D4F8004B002CD1DB104638BD816841F085
:1067C000010181600020704708B500234FF070621E
:1067D00000930099491C009191420AD8016900294F
:1067E000F7DA1021009301610099491C0091914250
:1067F00001D9032008BD0169C906F5D4002008BDF0
:1068000018B500244FF070630094009A521C009257
:106810009A420CD80269002AF7DA202242EA811152
:10682000009401610099491C0091994201D903200B
:1068300018BD01698906F5D4002018BDD0F80808F4
:1068400010F0060004D0022803D0062801D00F2043
:10685000704702207047406900F001007047D0F88F
:106860001818D0F81C08084080B27047D0F81818E3
:10687000D0F81C080840000C704710B5D0F810384C
:10688000D0F8342801F00F0400EB4110E24002F090
:106890000102D0F8080943EAC212104010BD00EB13
:1068A0004111D1F8081BD0F814080840704741691D
:1068B00080690840704730B503460846940802F0E6
:1068C0000301002203F5805303E01D6840F8045BD8
:1068D000521CA242F9D300290BD01C680022D5001B
:1068E00024FA05F3491E521C090400F8013B090C67
:1068F000F5D130BD70B50546C068002420F0C04019
:10690000E860012901D079B120E0E86840F000504A
:10691000E8600A20FAF79CFE68690A3410F0010F5B
:1069200010D1C82CF5D30DE0E86840F08040E86055
:106930000A20FAF78DFE68690A3410F0010F01D0C1
:10694000C82CF5D3C82C01D0002070BD012070BD2B
:10695000D0F8002822F4FE62C0F80028D0F8002801
:106960004FF4FE6303EA01110A43C0F80028002037
:1069700070470000022A3ED1264A274B0A449A4219
:1069800001D20F2138E0254A254B0A449A4201D210
:106990000E2131E0234A244B0A449A4201D20D21B0
:1069A0002AE0224A224B0A449A4201D20C2123E0D7
:1069B000204A214B0A449A4201D20B211CE01F4A73
:1069C0001F4B0A449A4201D20A2115E01D4A1E4B70
:1069D0000A449A420FD31D4A1D4B0A449A4201D2DF
:1069E000082109E01B4A11441B4A914201D20721A8
:1069F00002E0062100E00921C26822F47052C26060
:106A0000C2684FF4705303EA81210A43C260002038
:106A100070470000405327FF00350C00401E1BFF4D
:106A200040420F0000DC0BFF804F1200808CF9FE0B
:106A300020D6130060B6E5FE60E3160000D3CEFE5C
:106A400040771B00C05BB3FEC091210000CA91FEDD
:106A500020753800E05459FEE09C410010B5029CBE
:106A60006CB9DB1C9C0800EB0230002300F5805061
:106A700003E051F8042B02605B1CA342F9D3002011
:106A800010BDFEE70907090E002804DB00F1E02035
:106A900080F80014704700F00F0000F1E02080F84B
:106AA000141D704700B58BB000200121CDE906010F
:106AB000089100900190029003900590049069461F
:106AC0000C48F9F7AFFF0B48FAF7C3FB022109485E
:106AD000F9F738FF0E200990059069460648F9F746
:106AE000A1FF0548FAF7B5FB02210348F9F72AFF91
:106AF0000BB000BDEC070020140800209FED170A22
:106B000000280ED0164A01280CD0022816D00328DF
:106B100007D164291ED066291CD065291AD09FEDA3
:106B2000110A7047642906D0662904D0652902D06D
:106B30009FED0D0A704792ED060A7047642906D052
:106B4000662904D0652902D09FED080A704792EDAE
:106B5000070A704792ED080A704700006D0485BF70
:106B60003C0000209A99E9C0B19648C06666A6C06C
:106B70000021816101689FED030A0988818280ED0F
:106B8000010A70470000000010B54268D47A264A16
:106B9000012C537802D1012900D013B1012B02D06E
:106BA0003FE001215170214900230978042901D0D7
:106BB000537010BD117911B99178491C9170917879
:106BC000022902D0012905D00CE090F8D818042938
:106BD00004D30BE090F8D818022903D2817849B188
:106BE000012907D090F8D818022905D0C9B2042984
:106BF00008D00AE0042113E08178012905D15370FF
:106C000083700EE08178012903D08178052906D0B0
:106C100007E053709370837080F8D83801E0062144
:106C200081705078107110BD3C00002022000020BF
:106C30002DE9F041040069D060780026F0B3D4ED6E
:106C40001C0A94ED1B0A04F25470FDF7DFF884ED82
:106C50001E0A94ED1D1AF0EE400A04F60200B0EE92
:106C6000410AFDF7D3F8B1EE400A04F5F275BDEE26
:106C7000C00A10EE100AA4F88400A07802284FD0B1
:106C8000B4F8C60801285DD0A4F84460B4F8BA0886
:106C90004FF47A66774204F2EE35012876D0D4EDCF
:106CA000160A94ED150A2846FDF7B0F8BDEEC00AA5
:106CB0003246394610EE100A00B200E028E000F03B
:106CC0000FFEA4F864005A4804F59B75007830B1B3
:106CD000B4F8B20848B157490978042977D0B4F814
:106CE000B208012875D0002810D1D4ED060A94ED21
:106CF000050A2846FDF78AF8BDEEC00A3246394635
:106D000010EE100A00B200F0EBFDA084BDE8F081A7
:106D1000A4F84460A4F86460A684A4F88460F5E74D
:106D2000D4ED0E0A94ED0D0A2846FDF76FF8BDEE7E
:106D3000C00A40F6B832514210EE100A00B200F01C
:106D4000CFFD1AE094F8EC0866281AD0D4ED0C0AAE
:106D500094ED0B0A04F29220FDF758F884ED0E0A28
:106D600094ED0D1AF0EE400AB0EE410A2846FDF708
:106D70004DF8BDEEC00A10EE100AA4F8440085E7F5
:106D800004E0D4ED0E0A94ED0D0AEFE7D4ED140AF9
:106D900094ED130A04F55070FDF738F8BDEEC00A03
:106DA0006422514210EE100A00B200F099FD00EE8C
:106DB000100A2846F8EEC00AC4ED160A94ED150A2A
:106DC000FDF724F8BDEEC00A10EE100A79E712E0D4
:106DD000FFE7D4ED040A94ED030A04F18800FDF7FF
:106DE00015F884ED060A94ED051AF0EE400A2846DF
:106DF000B0EE410A14E0012888D11048DFED0E0AF8
:106E000090ED000A04F5BF60FDF700F884ED060A76
:106E100094ED051AF0EE400A04F2A660B0EE410AC5
:106E2000FCF7F4FFBDEEC00A10EE100A6DE700009B
:106E300078000020220000200000000080000020D8
:106E400070B5040058D0A06A314D0221B0F902009B
:106E5000400000EE100AF8EEC00A9FED2A0A20EE6C
:106E6000801ADFED290AC1EE201AC4ED0D1AA06CBC
:106E7000B0F902004000404201EE100AB8EEC11A1B
:106E800021EE001AC1EE201A9FED201A81EE812A10
:106E900084ED152AA068B0F90200400001EE900AC6
:106EA000F8EEE11A21EE802AC2EE201A81EE812A44
:106EB00084ED052AA06EB0F902004000404201EEC8
:106EC000100A2846B8EEC11A21EE000A80EE201AF8
:106ED00084ED1D1AFAF7B6FC78B10020A4F8CE08AC
:106EE00094F8D40884F8D60801212846FAF7AAFCB9
:106EF00028B10020A4F8D40870BD0120EEE70120DD
:106F0000F8E70000DB0F494000007042000010422B
:106F10000014024010B504002DED068B7DD0012039
:106F200000F0A2FCA062022000F09EFCA0640320FE
:106F300000F09AFCA060082000F096FCA06600F02B
:106F4000A9FC112205219FEDAD8AF0EE484ADFED44
:106F5000AC9AF0EE483AB0EE483AB0EE694ADFED4E
:106F6000A92A9FEDA92ADFEDA91AB0EE481ADFED94
:106F7000A88AF0EE680A9FEDA70A606004F5F27037
:106F8000FDF76EF911220121F0EE484AB0EE694A90
:106F9000F0EE483AB0EE483A9FED9FAAF0EE4A2A4A
:106FA0009FED9E2ADFED9E1AB0EE481ADFED9D0A96
:106FB0009FED9D0A04F29220FDF752F9112205215E
:106FC000F0EE484AB0EE694AF0EE483AB0EE483A80
:106FD000DFED962A9FED962ADFED961AB0EE481A5D
:106FE000DFED95AAF0EE6A0A9FED940A04F29C4048
:106FF000FDF736F911220521F0EE484AB0EE694A54
:10700000F0EE483AB0EE483ADFED8D2AB0EE482A6D
:10701000DFED8C1AB0EE481A00E0ECE0F0EE6A0A00
:107020009FED890A04F24A50FDF71AF91122012155
:10703000F0EE484AB0EE694AF0EE483AB0EE483A0F
:107040009FED829AF0EE492AB0EE492ADFED801AD0
:10705000B0EE481AF2EE040AB3EE0E0A04F55070D0
:10706000FDF7FEF811220121F0EE484AB0EE694A20
:10707000F0EE483AB0EE483AF0EE482AB0EE482A30
:10708000F0EE681AB0EE481AF0EE480A9FED710A69
:1070900004F2EE30FDF7E4F811220521F0EE484A43
:1070A000B0EE694AF0EE483AB0EE483AF0EE482ABF
:1070B000B0EE482AF0EE001AB0EE481AF2EE040ADA
:1070C0009FED650A04F18800FDF7CAF81122052139
:1070D000F0EE484AB0EE694AF0EE483AB0EE483A6F
:1070E000F0EE492AB0EE482ADFED5C8AB0EE481A8D
:1070F000F0EE480AF0EE681A9FED590A04F59B700D
:10710000FDF7AEF811220121F0EE484AB0EE694ACF
:10711000F0EE483AB0EE483ADFED522AB0EE482A97
:10712000F0EE681AB0EE481AF0EE680A9FED4E0ACB
:1071300004F2A660FDF794F811220121F0EE484A0E
:10714000B0EE694AF0EE483AB0EE483ADFED472A31
:10715000B0EE482ADFED461AB0EE481AF1EE000A0A
:10716000B1EE040A04F5BF60FDF77AF8112201219F
:10717000F0EE484AB0EE694AF0EE483AB0EE483ACE
:10718000DFED3C2AB0EE482ADFED3B1AB0EE481A9C
:10719000F0EE6A0A9FED390A04F60200FDF760F886
:1071A00011220121F0EE484AB0EE694AF0EE483A69
:1071B000B0EE483AF0EE4A2A9FED312ADFED311A5F
:1071C000B0EE481AF7EE000AB0EE000A04F254706E
:1071D000FDF746F82046FFF733FEA0680088A0833D
:1071E000A06C0088A4F85C00A06A0088A087A06E4C
:1071F0000088A4F87C00BDEC068B10BD00000000E8
:107200008A9B503AE3C2813ABD3786350000754308
:107210000000FA4400FC7F4617B7D138ACC52737C9
:107220009A0996440000F0420000AF43CBAFE63825
:10723000AE47813F919B193F00C0DA4500204B4685
:107240000AD7233D0000484500606A466F12833A22
:107250003333F14200409C450000A04200803B4592
:107260000080BB456F12033B00401C460AD7A33B7E
:1072700014AEA73F6F12033C0080BB4400007A4667
:1072800017B7513A3333D54290ED011A31EE400A27
:10729000B0EEC00AB4EEE00AF1EE10FA01D201201D
:1072A000704700207047000070B503001DD058786B
:1072B0009FED6C0A6C4C002558B1204699786B4EB6
:1072C000008A072926D2DFE801F0112629962EBB75
:1072D000BE00257083ED0E0A83ED140A83ED160AB5
:1072E000A3F8645083ED060A9D8470BD2570B3F841
:1072F000BA1819B99FED5E0A83ED160AB3F8B218F1
:1073000019B9B3EE010A83ED060AA3F84450E080F0
:10731000608920819DE094ED090A69E09FED550A9E
:1073200083ED0E0A95E093F8EC1893F8D808FFF770
:10733000E5FB84ED0D0A93F8D808662118B1607852
:10734000012803D04AE083F8EC184BE093F8EC28CE
:10735000DFED490A03F12800642A02D0652A22D011
:107360003CE09FED460A84ED0C0AFFF78DFFA0B3C9
:10737000D3F8E80840F6FC01401CC3F8E80888424E
:107380002CD9A0892081D3F8E408401CC3F8E40874
:10739000B0F5C87F22D9652083F8EC08C3F8E4581B
:1073A000C3F8E85855E0364A9FED360AC3F8D222B2
:1073B00084ED0C0AFFF768FF78B160892081D3F86B
:1073C000E40840F20232401CC3F8E408904205D9B8
:1073D000C3F8D262C3F8E458B5E7FFE793F8EC08C6
:1073E000662836D19FED280A83ED0E0A9FED270A05
:1073F00084ED0C0A2DE093F8EC1893F8D808FFF709
:107400007DFB84ED0D0A672083F8EC08E089E080BD
:10741000B3F8C8089FED1E0A401C80B2A3F8C80844
:1074200084ED0C0AB0F5167F01D81A4805E0A0F5E6
:107430001670B0F56B7F0CD81748C3F8D20208E07D
:10744000C3F8D26205E0E08083ED0E0A642083F881
:10745000EC0894ED0D0A83ED1C0A94ED0C0A83ED03
:107460000C0A70BD000000003C0000200000AF438B
:10747000000048420000C842EC51B83D0AD70FC195
:1074800000002F4348E1FAC0E53538C333338BC1E0
:107490000AD7A3BD00008C4200000C444FF4FA70E0
:1074A00001F082F92948FFF735FD00F0D4FA274EA4
:1074B000DFF89C8006F50E6906F50065254F00F0A3
:1074C00053FD4846F9F7D8F985ED370A1F48FFF70D
:1074D000B7FC1E4C607820706068807A022802D069
:1074E000032802D003E0002000E001206070204665
:1074F00000F0CCFE204600F063FF1448FFF7D4FEF6
:107500001248FFF795FBB6F94400A8F81200B6F848
:1075100064104446494209B2A8F81410B6F9242070
:10752000A8F816200023F9F7A1F80022B6F9843054
:1075300011461046F9F7BEF83968E08848633968A3
:1075400020898863012001F02FF9B8E7D80B0020CB
:107550003C000020840800208169826A00EE101A35
:1075600000EE902A20EE200AB5EEC00AF1EE10FAE5
:107570004ADD00EE101AB5EEC00AF1EE10FA00EE88
:10758000101A01DCB1EE400A436D00EE903AB4EE01
:10759000E00AF1EE10FA37D9026D00EE903A00EEF3
:1075A000102A70EE200A00EE101AB5EEC00AF1EEB5
:1075B00010FA00EE101A01DCB1EE400AF4EEC00A37
:1075C000F1EE10FA1EDB00EE101A00EE902AB5EE76
:1075D000C00AF1EE10FA00EE101A01DCB1EE400A1A
:1075E000016B70EEC00A00EE103A30EE801A00EE29
:1075F000102AC1EE000A00EE101A20EE800A10EEEA
:10760000101A00E000210163704770B50446D0F8FD
:10761000985000F16602B0F864300169D0F8940027
:10762000CDB1022B35D900EE101AF1EE400A00EE72
:10763000100A1046FCF716FAE06800EE900AD4F83B
:107640009800806801EE100A70EE810A20EE200A90
:1076500010EE100A1BE0022B0CD900EE101AF1EE0E
:10766000400A00EE100A1046FCF7FCF9E06800EE54
:10767000900AEBE7626900EE101A00EE902AE168CA
:1076800070EEC00A00EE101A20EE801A12E0E062DE
:1076900070BDE26800EE102AAA6800EE902A6269C6
:1076A00030EE201A00EE902A00EE101A30EEC00ADA
:1076B00021EE001A00EE100AC1EE000A10EE900A48
:1076C000E5E7026B816A00EE902A00EE101A426A2A
:1076D00070EE200A01EE102A00EE101AC26A31EE96
:1076E000001A00EE102A31EE000AB5EEC00AF1EEE3
:1076F00010FA01DCB1EE400A026C01EE102A002201
:10770000B4EEC10AF1EE10FA0CDD836900EE101A36
:1077100001EE103A21EE000AB5EEC00AF1EE10FAC1
:1077200000DD0263416C00EE101AB4EEE00AF1EEE7
:1077300010FA01D20263816200EE101AB1EE400A23
:10774000B4EEE00AF1EE10FA07DD00EE101A026363
:10775000B1EE400A10EE101A81627047EFF310820A
:1077600072B643680169994201D90168016111F853
:10777000013B01618168491C8160C168491E82F337
:107780001088C160184670478B185B1E0160C0E905
:1077900001320022C0E903214161104670472DE902
:1077A000F0475FEA01080446EFF3108772B62FD066
:1077B000A5686DB361686069884201D9206860611D
:1077C000954200DD15460E1A761CAE4206DB2A46AF
:1077D0004146F8F740FE606928440DE0A5EB060934
:1077E00032464146F8F737FE08EB06014A46206864
:1077F000F8F731FE206848446061A068401BA06033
:10780000E0682844E060284687F31088BDE8F087E8
:1078100087F310884FF0FF30F8E7C0687047704773
:1078200010B558B1084C491E0BD310F8013B53401A
:10783000DBB234F8133083EA1222F4E74FF6FF701C
:1078400010BD104610BD0000D401002010B5054C3D
:1078500003E010F8013B5340E25C491E89B2F8D2C4
:10786000104610BDD4000020024900EB800001EB5F
:10787000400070473C0B0020012000F0DFF8FBE7E0
:1078800009210348F8F764FF0A2000F0D7F8F7E76A
:107890002A15002000487047CC140020EFF3058023
:1078A000002801D0012070470020704710B50D213D
:1078B0000948F8F747FE09490020C1F80B00A1F874
:1078C0000F0021F8030F8870034941F80D0F48603D
:1078D0000881887210BD0000240B002020000020C9
:1078E000884201DA084670479042FCDD1046704736
:1078F00070B54B221E4B1F491F4C204D072836D216
:10790000DFE800F035040C141C242C001A8091EDE3
:10791000010A84ED000A91ED070A26E01A8091ED34
:10792000020A84ED000A91ED080A1EE01A8091ED2A
:10793000030A84ED000A91ED090A16E01A8091ED20
:10794000040A84ED000A91ED0A0A0EE01A8091ED16
:10795000050A84ED000A91ED0B0A06E01A8091ED0C
:10796000060A84ED000A91ED0C0A85ED000A70BD4F
:107970004800002090000020640000208C000020BF
:1079800008B50623009005220421032000F001F829
:1079900008BD10B40446019848B1012809D0022856
:1079A00009D0032809D1184610BCFFF7A1BF204613
:1079B000FAE70846F8E71046F6E710BC7047000003
:1079C00008B5F9F757FFFCF7C7FCFBF737FEFBF7E5
:1079D000A9FDFBF763FDFBF7DFFFFBF7CDFEFBF730
:1079E0007FFDFBF747FFFBF7F5FFFBF7B9FF00F063
:1079F0001FFCFFF757F800F0B9FBA820F8F75EFF6F
:107A00000948016841F004010160006800F00400C9
:107A10000090064800688047FBF7F8FFFBF7B8FDC9
:107A200000F014F8FEE7000030380240F4040020B3
:107A30000021842800D0C11C0846704710B50028DA
:107A400000D1012000F0B0FE002010BD10B500F004
:107A5000D3FE002010BD10B5FFF720FF18B1BDE820
:107A6000104001F0C7B8BDE8104001F0BDB830B516
:107A700085B004460D466169B4F90800002910D0AC
:107A8000A16971B1FFF7D4FF6269A1690192029106
:107A900000902B4622692168606801F067F8049025
:107AA00010E0FFF7C5FF04A901910090208A2B4642
:107AB00082B22168606801F023F8012802D005B085
:107AC000002030BD049805B030BD00002DE9F04124
:107AD00004460F46194EF5683068001D00F06CFD35
:107AE00048B93068012190F82C0001FA00F03169A2
:107AF00021EA00003061B4F1FF3F07D137B13068AF
:107B0000BDE8F041011D0E4800F09DBD2C443068D9
:107B10004460AC4206D23068011DB06BBDE8F04154
:107B200000F076BD3068011D706B00F071FDB06A29
:107B3000844200D2B462BDE8F08100002804002035
:107B4000D41E002070B5044600F08AFD1C4DA868C4
:107B5000401CA860286810B1686938B10CE02C603E
:107B6000A868012808D100F0EDF805E02868E16A6E
:107B7000C06A884200D82C60686A401C6862E06A6B
:107B800001212A698140114329610E4900EB8000DF
:107B900001EB8000211D00F056FD00F081FD6869B9
:107BA00000280CD02868E16AC06A884207D20649DA
:107BB0004FF080500860BFF34F8FBFF36F8F70BDE1
:107BC00028040020F81D002004ED00E070B50D4CE5
:107BD0006068002815D00C4E00F042FDF068C568C2
:107BE000281D00F0E9FCA068401EA0606068401EEF
:107BF000606000F055FD284600F008F86068002835
:107C0000EAD170BD28040020C01E002010B5044633
:107C100094F8511000290BD0012911D0022914D059
:107C2000502080F31188BFF34F8FBFF36F8FFEE7B3
:107C3000206B00F04BFD2046BDE8104000F046BD33
:107C40002046BDE8104000F041BD10BD4FF470511A
:107C5000104810F0070F06D0C01D20F007000D4996
:107C6000411AC1F570510C4A106000235360014461
:107C7000083921F00701183A11604B600B600B1AAC
:107C8000436001604068906050604FF00040506178
:107C900070470000E81E00207C040020074E4FF0D3
:107CA0008054074DFFF792FF30680128FAD92C6005
:107CB000BFF34F8FBFF36F8FF4E70000F81D002074
:107CC00004ED00E02DE9F0478146099E089D0A9CDD
:107CD0009A46521E206B00EB820020F00708002716
:107CE00000290CD0002023180A5C83F834200A5C99
:107CF00012B1401C1028F6D384F8437001E084F8D8
:107D00003470072D00D30625E5626564A764201D45
:107D100000F07BFC04F1180000F077FC2461C5F151
:107D20000700A0616462E76484F8507052464946D7
:107D3000404600F003F92060002E00D03460BDE81A
:107D4000F087000070B500240F4D04EB840005EBB4
:107D5000800000F04FFC641C072CF6D30B4800F0A9
:107D600049FC0B4800F046FC0A4800F043FC0A4876
:107D700000F040FC094800F03DFC0948034941631C
:107D80001431816370BD0000F81D0020841E0020A6
:107D9000981E0020AC1E0020C01E0020D41E002013
:107DA0002804002010B4144900E011460A688242F9
:107DB000FBD34B6803EB010C844503D140681844A6
:107DC000486008460C68D0F804C00CEB0003A342DE
:107DD0000CD10A4B1B689A4206D05268624442603A
:107DE0000A681268026002E0036000E002608142FB
:107DF00000D0086010BC70477C04002064040020A0
:107E00000749486B0068002805D0486BC068C06807
:107E10004068886270474FF0FF308862704700000A
:107E2000280400200A484068B0F1FF3F07D05020E6
:107E300080F31188BFF34F8FBFF36F8FFEE75020A1
:107E400080F31188BFF34F8FBFF36F8FFEE7000001
:107E5000840400202DE9F0410546002600F010FDC5
:107E6000344F386808B9FFF7F1FE7869054251D1FF
:107E70009DB1083515F0070F0FD005F00700C0F1D0
:107E80000800054415F0070F07D0502080F3118833
:107E9000BFF34F8FBFF36F8FFEE7002D3AD07868A6
:107EA000854237D824490846046801E02146044643
:107EB0006068A84202D220680028F7D1386884425E
:107EC00028D0086800F10806206808606068411B37
:107ED00010290FD9601910F0070F07D0502080F338
:107EE0001188BFF34F8FBFF36F8FFEE7416065606E
:107EF000FFF758FF61687868401A7860BA68904266
:107F000000D2B86078690843606000202060F8689B
:107F1000401CF86000F0E0FE16F0070F07D050207C
:107F200080F31188BFF34F8FBFF36F8FFEE73046AA
:107F3000BDE8F081640400207C040020001F4FF0A5
:107F400080730360001F21F001010160001F0549DB
:107F5000016014380260001F6FF0020101602038D8
:107F600070470000257E000830B50E480D4A0E49C6
:107F70000B3A007810700978D31C090991705C786D
:107F80000A4D04F0C00404292C7009D1517802294B
:107F900000D110B119781C2902D1054B01211970AB
:107FA000507030BD2B000020310B002074000020E9
:107FB0003D00002082B000211C4AADF8001001688D
:107FC000C2F8061001799172B0F80510ADF80010F2
:107FD00089B201291ED0A1F58071053913D0FC2981
:107FE0000BD0A1F58071053905D150F8071F42F873
:107FF0000B1F8088908002B07047C11D0D220C4875
:1080000002B0F8F728BAB0F80710A2F80310407AC7
:108010005071F0E7064950F8072F41F80D2F4268DC
:108020004A6002890A81807A8872E4E72000002091
:10803000240B002070B5A5263D4C002571E03D487D
:10804000FFF78CFB94F8861006294BD2DFE801F08D
:1080500003131D2D384DB0420AD1012184F886103A
:10806000B4F88710A31D4A1CA4F88720C85458E010
:10807000A4F8875055E0A080B4F88710A31D4A1CCF
:10808000A4F88720C854022017E0A188A31D41EA64
:108090000021A180B4F887104A1CA4F88720C85496
:1080A000A08877281ED2032007E0B4F88710A31D0C
:1080B0004A1CA4F88720C854042084F8860030E0C5
:1080C000B4F88710A31D4A1CA4F88720C854B4F83C
:1080D0008700052825D10521A01D00F027FC08B147
:1080E0000520EAE784F88650C2E7A288B4F8871032
:1080F0000932914204D2A31D4A1CA4F88720C85417
:10810000A188B4F88700093188420AD384F88650E0
:10811000A4F88750A01D00F0EBFB10B1A01DFFF7E5
:1081200049FF0448FFF779FB002888D170BD0000A3
:10813000581D002040190020FFF7B8FB09494FF4F3
:108140008062A1F11800FFF71FFB07494FF400728E
:10815000A1F5007000F0D0F9FFF76CFF0A20FFF7DF
:108160006DFCF9E75819002040170020024924222D
:10817000A1F12400FCF7AEB806150020F0B50028E8
:1081800055D0002953D00278437842EA0322C2F343
:108190000A030B8042788478D20842EA4412C2F380
:1081A0000A024A808478C578A40944EA85040579DE
:1081B00044EA8524C4F30A048C80057946796D0865
:1081C00045EAC615C5F30A05CD804679C6F3011602
:1081D0008E724679B609CE728679C77946EA072645
:1081E0008E81067A477A46EA0726CE81867AC77A52
:1081F00046EA07260E82067B8E74467BCE74867B0B
:10820000C77B46EA07268E82067C407CA3F5806306
:108210000B80A2F580624A80A4F5806446EA0020C3
:108220008C80A5F58065CD80A0F580600881F0BDCB
:1082300010B51248FAF73AFC1148FAF737FC00215A
:108240000E48FAF7E3FD04210C48FAF7DFFD082198
:108250000A48FAF7DBFD0C210848FAF7D7FD0021A0
:108260000748FAF7D3FD04210548FAF7CFFDBDE82A
:10827000104008210248FAF7C9BD00003C08002060
:10828000840800206420FFF7D9FBFBE7F0B5024625
:108290004078474C002318B1907804283AD03BE04E
:1082A000A2F8B638A2F8B438A2F8BA38A2F8B838AA
:1082B000A2F8B238A2F8B038A2F8C238A2F8C03892
:1082C00082F8D138A2F8CE38A2F8CC3882F8D63865
:1082D000A2F8D438A2F8D238A2F8CA38A2F8C8381E
:1082E000A2F8C63882F8D0386089208182F8D83860
:1082F00063702370A370642082F8EC08C2F8E4383D
:108300009FED2C0AC2F8E83884ED0D0A2A48C2F81D
:10831000D202F0BDA2F8C83892ED150A274E012509
:10832000B0EEC00A10EE100AB04202DAB2F8BA0893
:10833000E0B1A2F8B83892ED050A02F10807B0EEF4
:10834000C00A10EE100AB04202DAB2F8B208F0B178
:10835000A2F8B038F1EE000A94ED0B0A3846FEF7A9
:1083600093FF0028D5D0A2F8C658F0BDB2F8B808DF
:10837000401C80B2A2F8B8085028DCD9A2F8BA583C
:10838000A2F8B83802F14800FEF7F2FBD3E7B2F8E2
:10839000B008401C80B2A2F8B008FA28DAD9A2F8D6
:1083A000B258A2F8B0383846FEF7E2FBD2E7000038
:1083B0003C0000206D0485BF0000AF439A99993EB0
:1083C00070B5040007D06078002118B1484D01282D
:1083D0000AD101E0A17070BD95ED0A0A84ED140A7E
:1083E00095ED0B0A84ED040AA278012304F128001C
:1083F000DFED400A072A6ED2DFE802F0046D0B4879
:10840000286D5C00B4F8C608012864D10220A07071
:1084100061E094F8D028012A04D0B4F8CE28012ACB
:1084200002D058E0A37056E0B4F8CC28521C92B2A7
:10843000A4F8CC284B2A4ED9A370A4F8CE18A4F8DF
:10844000CC18FEF795FB84F8D03844E0B4F8D42873
:10845000012A08D094ED0C0AFEF716FF48B394F8F1
:10846000EC08662837D1B4F8D208401C80B2A4F8D2
:10847000D208052801D9EA89EA80BB282BD9032034
:10848000A070A4F8D418A4F8D21824E094ED0C0A33
:10849000FEF7FAFE58B1B4F8B408401C80B2A4F854
:1084A000B4084B2817D90520A070A4F8B638A4F852
:1084B000B41810E0B4F8C208401C80B2A4F8C20896
:1084C000B0F5E16F07D9A170A4F8C21894F8D808E4
:1084D000401C84F8D80895F903102046FEF754FB99
:1084E00094F8D808FFF74CFA6068C07AE87070BD5D
:1084F0003C000020EC51B83DF0B5224C23685D698A
:1085000045F040055D6123685D6945F080055D616A
:108510002368DC6844F01004DC601B4C23681D6891
:1085200025F001051D6023681D68ED07F7D1174F81
:10853000FD14BB4202D9154E4C3E04E0144EB3422A
:1085400003D9124E503E356008E0114F104E603F87
:10855000B83EBB4201D9F56000E0B5600D4D9D60AD
:108560002368D86020680161206842602068016843
:1085700041F4802101602068016841F0010101603F
:10858000F0BD00005C090020C40A002058640240CD
:10859000B860024004140140142205490548FAF766
:1085A0009DFC0448FFF73BF96420FFF747FAF8E722
:1085B000E11D0020CC0800200169436882689A60B0
:1085C000836842685A604A68824201D182684A6080
:1085D000002202610868401E0860086870470000B9
:1085E000034B036003F15400086080201060704763
:1085F0009805002000F1080141604FF0FF328260D1
:10860000C160016100210160704700210161704774
:1086100010B4D1F800C0BCF1FF3F02D000F1080255
:1086200002E0026904E01A4653681C686445FAD9FE
:1086300053684B6099608A60516008610168491C09
:10864000016010BC704742684A6093688B60936811
:108650005960916008610168491C01607047000021
:10866000502080F31188BFF34F8FBFF36F8F0A49FB
:108670004868401C486001280CD10848006810F088
:10868000FF0F07D0502080F31188BFF34F8FBFF347
:108690006F8FFEE7704700008404002004ED00E0C7
:1086A00009494868002806D0401E4860002801D1CA
:1086B00080F311887047502080F31188BFF34F8FEB
:1086C000BFF36F8FFEE700008404002070B5002820
:1086D0002AD0A0F10804154D60686969084207D1E5
:1086E000502080F31188BFF34F8FBFF36F8FFEE7E9
:1086F00022683AB1502080F31188BFF34F8FBFF347
:108700006F8FFEE78843606000F0BAF860686968C0
:10871000084468602046FFF745FB2869401C286133
:10872000BDE8704000F0D8BA70BD000064040020BD
:108730004FF0E02000210161816105494FF47A7218
:108740000968B1FBF2F1491E4161072101617047DF
:108750002404002010B5F7F7E3FD114910280ED3CB
:1087600000F1E02090F8F0030A78904207D2502000
:1087700080F31188BFF34F8FBFF36F8FFEE7094877
:108780000068896800F4E060884207D9502080F3CF
:108790001188BFF34F8FBFF36F8FFEE710BD00004E
:1087A000840400200CED00E010B502460020002AF1
:1087B00012D00F48006B38B1502080F31188BFF3FE
:1087C0004F8FBFF36F8FFEE700F05AF8002110467D
:1087D000FFF77CF900F080FA002807D105494FF037
:1087E00080500860BFF34F8FBFF36F8F10BD000044
:1087F0002804002004ED00E010B586B000240594A4
:10880000049403AA04A905A8FFF7EAFE05980499B1
:10881000019102900023009415A11748039A00F0DB
:10882000A5F91649C86208B1012000E0002001281E
:108830000AD0B0F1FF3F19D1502080F31188BFF367
:108840004F8FBFF36F8FFEE7502080F31188BFF387
:108850004F8FBFF36F8F4FF0FF3088620120486168
:10886000CC6006B0BDE8104000F0B2B806B010BD54
:1088700049444C45000000009D7C0008280400206D
:108880000248016B491C0163704700002804002066
:10889000154A106B002802D00120D06170470020DB
:1088A000D0611069B0FA80F0C0F11F000F4900EBF1
:1088B000800051F8203073B101EB800041684968B5
:1088C000416000F10803994201D149684160406864
:1088D000C06810607047502080F31188BFF34F8F3D
:1088E000BFF36F8FFEE7000028040020F81D002072
:1088F00030B50C46050014D0022C12D90A48A11E2E
:1089000042882846FEF78CFF2919C2B211F8023CB2
:108910009A4206D111F8011CB1EB102F01D10120B0
:1089200030BD002030BD00009000002030B50C4666
:1089300005000FD0022C0DD9601E81B206480278C6
:108940002846FEF783FF291911F8011C814201D145
:10895000012030BD002030BD900000208178427998
:10896000C37801EB02610279120402EB0322114485
:10897000124A11610078A5281ED100EE101A51602C
:1089800010EE100A0E49884210DA10EE100A0D4956
:1089900088420BD2D2ED050A012030EE200ADFED2D
:1089A0000A0A20EE200A82ED020A04E09FED070A7F
:1089B000002082ED020A107070470000780000204D
:1089C000D7A3703FB81E85BF00A08C4500000000F3
:1089D00010B582B038480168384A914207D150201A
:1089E00080F31188BFF34F8FBFF36F8FFEE70068EE
:1089F0003349884207D1502080F31188BFF34F8F4D
:108A0000BFF36F8FFEE72F4908780190FF200870B1
:108A1000087800909DF800009DF8002000F0F0001C
:108A2000904207D0502080F31188BFF34F8FBFF3DF
:108A30006F8FFEE79DF80000234C00F0500020707F
:108A40000720A0609DF8000010F0800F0BD0A068F8
:108A5000401EA0609DF80000400000909DF80000BE
:108A600010F0800FF3D1A068032807D0502080F3C6
:108A70001188BFF34F8FBFF36F8FFEE74FF4407045
:108A8000A060019808701148016841F4700101600C
:108A9000016841F070410160FFF74AFE002060600C
:108AA000F7F706FC0A48016841F040410160F7F71A
:108AB000EBFB02B0002010BD00ED00E071C20F41E1
:108AC00070C20F4100E400E08404002020ED00E0CB
:108AD00034EF00E010B5502080F31188BFF34F8FC2
:108AE000BFF36F8F00F08EF818B104494FF080503B
:108AF0000860002080F3118810BD000004ED00E044
:108B00002DE9F04F85B081460F9F0E9E8A46904614
:108B10009B464FEA8800FFF79DF9054628000AD0DA
:108B20005420FFF797F904460CB1256304E028466A
:108B3000FFF7CCFD00E000249CB1002084F8510038
:108B400003905B4642465146019700960294484680
:108B5000FFF7B8F82046FEF7F5FF05B00120BDE8A5
:108B6000F08F05B04FF0FF30BDE8F08F70B586B0E4
:108B70000646DDF828C00C9C0B98002816D0ECB1F6
:108B8000542504952063022084F85100002005AD8F
:108B90000390CDF800C0019502943046FFF792F89B
:108BA0002046FEF7CFFF059806B070BD502080F339
:108BB0001188BFF34F8FBFF36F8FFEE7502080F314
:108BC0001188BFF34F8FBFF36F8FFEE705484169F0
:108BD000002903D0006B18B10020704701207047B6
:108BE00002207047280400200148C0687047000038
:108BF0002804002010B5FFF7ADFD0148C06810BD86
:108C0000280400202DE9F0470026314F386B00285A
:108C100005D0B869401CB8613046BDE8F087F868F7
:108C2000451CFD609DB9786B006838B1502080F319
:108C30001188BFF34F8FBFF36F8FFEE7786BB96B6F
:108C40007963B863386A401C3862FFF7D9F8B86AAC
:108C5000DFF8808085420FD34FF00109786B006800
:108C600038B1786BC068C4686068854212D2B86257
:108C700002E04FF0FF30B8623868C06A00EB800055
:108C800058F82000012800D90126F8690028C3D02F
:108C90000126C1E7201DFFF78FFCA06A18B104F17F
:108CA0001800FFF789FCE16A3A6909FA01F01043FC
:108CB000386101EB810008EB8000211DFFF7C3FC48
:108CC000E06A3968C96A8842C8D30126C6E700004D
:108CD00028040020F81D00202DE9F0470024A046BC
:108CE0002D4D286B002807D0FFF7BAFC286B401EDB
:108CF0002863286B40B149E0502080F31188BFF30E
:108D00004F8FBFF36F8FFEE7A86800283ED0234F38
:108D10003868012600B3A7F1B409F868C46804F103
:108D20001800FFF749FC201DFFF746FCE06A2A699E
:108D300006FA00F11143296100EB800009EB800085
:108D4000211DFFF780FCE06A2968C96A884200D3C8
:108D5000EE6138680028E0D10CB1FFF751F8AC693A
:108D600044B1FFF74FFF00B1EE61641E002CF8D153
:108D70000020A861E86948B14FF0010808494FF0A8
:108D800080500860BFF34F8FBFF36F8FFFF788FCF1
:108D90004046BDE8F087000028040020AC1E0020FB
:108DA00004ED00E04FF04070E1EE100A7047000063
:108DB000D08E00089D740008000000000000000034
:108DC000000400000000000000000000DC8E00082D
:108DD0003543000800000000000000008000000093
:108DE0000000000000000000948E0008858200084A
:108DF000FDFF0000000000009001000000000000E6
:108E000000000000A08E000879780008FDFF000037
:108E100000000000800000000000000000000000D2
:108E2000AC8E000881780008FDFF00000000000003
:108E3000800000000000000000000000B88E000864
:108E400039810008FDFF00000000000080000000E4
:108E50000000000000000000C48E00089985000892
:108E6000FDFF000000000000E40000000000000022
:108E7000000000000006101600061016000000009A
:108E800000000000010203040607080900000000BA
:108E9000010203046D795461736B303200000000ED
:108EA0006D795461736B3033000000006D7954614B
:108EB000736B3034000000006D795461736B303592
:108EC000000000006D795461736B303600000000C3
:108ED000646172745F5461736B0000006465666165
:108EE000756C745461736B00088F000800000020DB
:108EF00098050000C401000834930008980500207C
:108F000090B1000020020008013F420112361232E7
:108F1000124A12538222244402C01E84C0F554C750
:108F200008200B80BFCDCC30C28FC2AEC23FA0C0E4
:108F30006D0485BF35011712FF380AFFFF33333D3B
:108F4000C29A993F041808333341C2CDCC42041A67
:108F5000404011180A806F12033B6F12833A081ABF
:108F6000BB082ABA0CAD3333B743041100FF005ECF
:108F7000BCE2613FDD83C29C7E20A3FD1F419DC3F7
:108F8000217FFCA2401E5F01E3BD3E6082DC237DA9
:108F90009FC1421CFEA0E1BF5D0380DE3C62BEE0DB
:108FA000025CDF81633D7C22C09E1D43A1FF461809
:108FB000FAA427799BC584DA3866E5BB5907DB85B7
:108FC0006739BAE406581947A5FB7826C49A653B69
:108FD000D987045AB8E6A7F91B45C6987A24F8A69B
:108FE000441A99C7257B3A6486D85B05E7B98CD2C9
:108FF000306EEDB3510F4E10F2AC2F7193CD114F77
:10900000ADF3702ECC92D38D6F31B2EC0E50AFF128
:10901000134DCE90722C6D33D18F0C52B0EE326C5A
:109020008ED0530DEFB1F0AE4C1291CF2D73CA9488
:109030007628ABF517490856B4EA6937D58B570936
:10904000EBB536688AD495CB2977F4AA4816E9B7E8
:10905000550B88D6346A2B7597C94A14F6A8742A1A
:10906000C896154BA9F7B6E80A54D7896B22350084
:10907000FF00891112239B322446AD573665BF7419
:10908000488CC19D5AAFD3BE6CCAE5DB7EE9F7F8C8
:109090008110080193331A22A5562C47B7753E64F8
:1090A000C99C408DDBBF52AEEDDA64CBFFF976E8A8
:1090B00002218B30100299132667AF763444BD55D8
:1090C0004AADC3BC588ED19F6EEBE7FA7CC8F5D988
:1090D00083310A2091121803A7772E66B5543C45B8
:1090E000CBBD42ACD99E508FEFFB66EAFDD874C968
:1090F00004428D5316619F702004A9153227BB3698
:109100004CCEC5DF5EEDD7FC6888E1997AABF3BA47
:1091100085520C4397711E60A1142805B3373A2677
:10912000CDDE44CFDFFD56ECE9986089FBBB72AA27
:1091300006638F7214409D512225AB343006B91757
:109140004EEFC7FE5CCCD5DD6AA9E3B8788AF19B07
:1091500087730E6295501C41A3352A24B116380737
:10916000CFFF46EEDDDC54CDEBB962A8F99A708BE7
:109170001023088481951AA793B62CC2A5D33EE18B
:10918000B7F04008C919522BDB3A644EED5F766D9B
:10919000FF7C899400DE44859BB712A6ADD224C320
:1091A000BFF136E0C1184809D33B5A2AE55E6C4F3F
:1091B000F77D7E6C0AA583B4188691972EE3A7F2FB
:1091C0003CC0B5D14229CB38500AD91B666FEF7E1F
:1091D000744CFD5D8BB502A499961087AFF326E21F
:1091E000BDD034C1C3394A28D11A580BE77F6E6EFF
:1091F000F55C7C4D0CC685D71EE597F42880A191BF
:109200003AA3B3B2444ACD5B5669DF78600CE91DDE
:10921000722FFB3E8DD604C79FF516E4A9902081DE
:10922000BBB332A2C55A4C4BD7795E68E11C680DBE
:10923000F33F7A2E0EE787F61CC495D52AA1A3B07A
:109240003882B193466BCF7A5448DD59622DEB3C9E
:10925000700EF91F8FF706E69DD414C5ABB122A09E
:10926000B9923083C77B4E6AD5585C49E33D6A2C7E
:10927000F11E780F32018210036124F41AAA010151
:109280001813A9521B08E9041AF504131D531B08EF
:1092900059041A790C1AB5041704030904120114AD
:1092A0000202021640830440571D02010203BD035F
:1092B0001A1A031309071B08050413FD061B082DC2
:1092C000081A4D044114810182130A0632021A4021
:1092D00043111C0902434F1125C03209041B01022E
:1092E0000B130524161001052401100901042402A2
:1092F00002052406170107058203081C10090485CE
:10930000320A2E0705010240072A81071113394E40
:109310001408A94C4C08355064133D4D1408F14B0A
:109320001B086914C11ABD181A81041AFD041A75A4
:049330000400000035
:040000050800018965
:00000001FF
